,PCA1,PCA2,R2,MSE
0,-0.4305476546207405,-1.0878546026608764,,
1,-2.7082462303073043,1.3314792778482936,0.9800336977828505,0.17657336723327213
2,-3.024405219773216,-1.6376009945091061,0.9108830500773992,0.31159895075120747
3,3.368122964659018,-2.372857579637361,0.9737879152094743,0.10600436161478158
4,-3.331053828424384,-0.13395880999194176,0.9946489060350413,0.026654195916566432
5,-2.7530522838029357,-0.03675553724800906,0.9522360092317619,0.3479887303126773
6,5.850252265551117,4.545497398433964,0.9942691728889077,0.034037177800792115
7,3.03636226803654,-3.9640968325498482,0.9513980057967044,0.22823109112533962
8,0.47901920046986124,8.353337775066487,0.9932517272928808,0.1414076957540266
9,14.490624051529522,0.08785600929082094,0.9944421547785849,0.6267291391193316
10,-6.707551858909639,-3.078493436053771,0.9939502835406464,0.046781039829841636
11,3.1423708504571293,11.182997663368601,0.9982735748953587,0.021350857207112845
12,-6.16575240140884,0.670048949444741,0.9694405964707761,0.11693684192769979
13,-6.883837864593184,-0.34293693194831754,0.9884517828465578,0.11997886522615255
14,10.652424327447523,-11.032548295955666,0.9855862433539267,0.17963594660927418
15,1.0790150290410918,-0.5310938392486193,0.8583963365021119,0.731217207750354
16,1.6898271548417823,0.589013829942135,0.9537239026885475,0.29534899668249603
17,-2.0658420759808283,7.140638588070525,0.9977185510343456,0.019037354101044075
18,0.27197455251611924,-1.3511402565074198,0.9874294208938335,0.2509682682654892
19,3.942652238539303,1.89672173187933,0.9913260405827296,0.10574209897166666
20,13.962255697385785,0.9286686578732635,0.9934916155073571,0.08079019133313795
21,2.6843967384643923,-4.455633213149969,0.952686492257361,0.26513130952796077
22,-2.8651401219758896,0.3958669215313604,0.9543575643064731,0.38304920964887335
23,0.8071855294168766,10.946151597471186,0.9874182362979661,0.35298945671278315
24,-6.8412603909818515,-3.800910673381989,0.9212374851895798,0.20020323980918514
25,11.008595482761407,-3.4534026549760526,0.9814827189850704,0.15903442037798338
26,5.737969108647431,-2.391695180872652,0.9715327137345177,0.4659372578512714
27,-0.5679956575727838,3.750268620137918,0.9944534800834797,0.1415502524966606
28,-7.74952382405561,7.50370045651302,0.9720135768562875,0.21630259081596662
29,-0.18512598075411102,4.351548463374673,0.9936271401713829,0.09844176473320879
30,10.787515317332161,7.284506425773474,0.9955812572198823,0.03538735549434976
31,-2.1913470342647026,3.827411499798947,0.9790526547963591,0.5209026965084786
32,-0.9474465193013484,2.6947767856862654,0.9967689034752097,0.06980837053652343
33,26.377121432262147,-23.913896006765675,0.9794759486807302,0.07941078654787008
34,3.4437759689770795,-7.437861017689954,0.9353829956937177,0.113562201215404
35,-2.1585221065562292,-2.44468581604943,0.9790592733784771,0.06675670922207436
36,5.655866932035043,-6.35702554545594,0.9614232147235324,0.12969630044243338
37,4.070160144899407,-7.208227232847296,0.9765025314936858,0.11610110054161402
38,-4.73162891187308,-3.295325659424673,0.9913767795778429,0.20710947872501445
39,-7.226129277151518,4.389987414666214,0.9789134778526478,0.5898327378875154
40,1.6687401107581783,-0.23153991367091464,0.9847284842666685,0.21509544583412724
41,2.097321054402623,-1.847195216423751,0.9835843305461516,0.09042531918166508
42,-3.8031721698072953,0.9856792825418834,0.9932372888590209,0.08215371715991071
43,-1.255031719576645,1.0978221098573773,0.9822877212321239,0.14677887213788482
44,6.884164765307447,-8.0657728055426,0.9698102207577793,0.34233842856549973
45,1.0266371024047887,-2.5925473412533657,0.9483569984607704,0.1639507108204534
46,15.800226684450138,-6.627158223507824,0.9666639363210505,0.622967145960931
47,0.11012503257488193,1.059444782709562,0.9804132567113341,0.11566693897738173
48,-2.3507287692708996,-3.3336869450739863,0.8629121768847222,0.3317284037893468
49,14.010540821823152,8.467360178660355,0.9921236348255823,0.04748983910104281
50,0.4083598535880837,13.89825215692799,0.9878269881269762,0.14067207264898668
51,-1.1711385994587258,12.799298832412079,0.9939295319732007,0.08284684660842725
52,0.14570870079664422,0.26571360931671517,0.9826161691263894,0.157948111530958
53,-0.46127797726572695,6.390332081220334,0.9923534318486344,0.16163965262485525
54,3.6792474313252317,-5.668215959642234,0.9872409910527342,0.123857537542109
55,2.604619445732955,-1.9006250145634191,0.9554819303949782,0.22090655425281633
56,-1.6490093189908521,-2.761733474705484,0.9697448356083749,0.11145218440692875
57,-1.5902167045316085,-1.8221252111645763,0.9721831935374641,0.10603397196774583
58,1.8211867307613767,0.32381058856067746,0.9729355364092518,0.35568263080103585
59,-0.6922176138743672,-1.8148828924896505,0.9114630042197839,0.21614554648738776
60,0.958022485743518,-0.1859331978743768,0.981101305539179,0.07942260111788045
61,3.92693029846912,2.4288151467354346,0.9819968396561665,0.1165278494382472
62,-3.937633281381501,0.2796624692910328,0.994994029587945,0.04953190672921212
63,-2.9573055966326347,1.9935929381283426,0.9832853515922355,0.6253371803518545
64,-2.742401155271093,-1.4872650411180603,0.9625751617887425,0.18003812806543237
65,-6.214455381161016,-4.193685989361479,0.9899600809270298,0.03247537011984998
66,2.9833576224289144,7.023842177514451,0.9886626769647846,0.10195033096284674
67,-1.0795526793297436,15.677555946120483,0.9913689890599146,0.08189156613908243
68,-0.0998203427834814,0.7348371559285578,0.9801681793383137,0.08222848652791218
69,8.155541002420069,6.366145697182139,0.9878514616437573,0.10825530995210146
70,1.7212251368396014,1.0920648586261388,0.9921705796926937,0.0734621389400064
71,-4.385474919392741,-2.8320224037282165,0.9917228124335169,0.12527339845019456
72,7.62673368744072,-1.9291383087005705,0.9906255312375583,0.10293024351226054
73,1.810704410973556,-3.659452847238534,0.9504493544871812,0.3629008116119097
74,-4.443534488947311,-1.0078503288786242,0.9889586451318012,0.11105185962691291
75,-3.924710231369571,0.38905823834739905,0.9920895132119725,0.12730610693560424
76,-0.76626323756732,1.6019142025824902,0.9813438847381356,0.2570025519145192
77,6.348770346739198,4.241453177420061,0.9930505341147885,0.24834068080995958
78,-5.542214234338799,-3.412107968722766,0.9921770300956562,0.030100748169584527
79,0.8123081448871226,-2.5592504493146686,0.9476050502810104,0.2741995355296877
80,-2.7938529976970887,-2.7225685539741207,0.9464898111368514,0.1356396367862524
81,-3.170796572959429,-0.4219787566997848,0.8967900902004874,0.5476112721678409
82,-3.6976493521010703,-1.3948876844838312,0.9694968752419953,0.10719162134852127
83,-3.0480203249708078,-1.706018809927996,0.9680474678327116,0.3054152116431472
84,-3.277858965700766,-1.4321939901749174,0.9234580808386508,0.6414744867174904
85,2.5235048049786535,-1.8619912443216702,0.9944009038257414,0.025576058976088153
86,-6.80220093535929,-4.719951144151499,0.9866220121460583,0.05105346900652285
87,-0.5188077899802694,0.2668718541673192,0.8653851453820727,0.8794590403770244
88,-3.704461173186797,-3.1362225796436136,0.8835058466066418,0.5095936501491193
89,-3.391449641867485,15.03057555071898,0.986156734898941,0.13991323739053926
90,6.007239848104494,14.817560871537482,0.9837007134368744,0.18849257966255403
91,3.0759904685083255,-3.8764741118264263,0.9582680079424327,0.8665999159700206
92,-2.078265504707452,0.8596112007936672,0.9890420295958648,0.08878346903486337
93,7.5509515809386984,-4.023829372780213,0.9921283808834872,0.12544597881604308
94,-7.338600652568873,-4.752768581696211,0.9393121058576965,0.16869997478016624
95,-1.4232591196337445,0.6122385555146534,0.9213358503715336,1.0414701580060544
96,-1.663893173704637,-4.096416315404727,0.9396908235167278,0.16160731465889738
97,1.5425722222389107,-1.3207547146167462,0.9710386379540441,0.10411289050651112
98,-4.2408740733434165,-0.5217231969174492,0.9943576428825368,0.0320698883267876
99,-4.67784894304266,0.08259576503514143,0.9917382774584739,0.039835732640566404
100,-3.7873634729922743,-2.3094211160839544,0.9787258064890424,0.05985284687019616
101,-7.3354039545900696,-2.0017501956625607,0.9660172128668517,0.48194632830370276
102,-0.8640835644532054,-1.3734143185507381,0.979664146829368,0.13053382782493264
103,8.337035723823654,5.813629738903272,0.9943968733843009,0.07030348046132522
104,-4.873585444132475,-0.817051529253642,0.9647581339200483,0.14187360421597875
105,1.0064804801392722,1.0642508039417233,0.9966492900199967,0.09360910943542321
106,-1.7285904912955667,-1.378454805801479,0.9501839519153641,0.14363233221146116
107,-6.60461875969895,7.956767759713076,0.9933430420338425,0.0899030351493185
108,-3.2376793645368727,-2.4861791194840173,0.9695877542106126,0.12814307937849548
109,-0.18105994229165923,0.6730264499203251,0.9829707687243489,0.3843049186371629
110,4.996260652838035,-5.6845935694916765,0.9401081352049548,0.5294108512312754
111,-9.164198829061831,7.9458707633370445,0.9801809915710343,0.2920779840853947
112,-5.3434961952703075,-3.351221054094015,0.7945966333815647,1.5671650988347008
113,9.915114618524392,-11.144985778380905,0.9688788206729332,0.16009106099493295
114,2.3225927746289345,0.7777094301140393,0.9757640216023048,0.5373454809957006
115,-0.25607113229249867,3.814939229074973,0.9927947648507599,0.11627667069958607
116,-6.524565496709482,-4.96378311389121,0.9739259059229739,0.06744199039005899
117,-7.916310382841687,-3.614480421146337,0.99372521497098,0.10146717621998566
118,0.6033090737505193,-1.9931467851287885,0.9585096107327807,0.3190214224328826
119,5.668122928290761,1.0944655602178663,0.9909122035232364,0.16947038232870335
120,-3.226389534885152,-1.7367399543104867,0.9710602790085965,0.09095897586281916
121,-1.8705259672798435,-1.3198468972050899,0.9793906113736631,0.1006198720586843
122,-4.777501096211224,-1.6394708953461885,0.9789972431412283,0.21108437996753054
123,-6.976708878342124,5.659635876591478,0.9717913165218284,0.6605283199714157
124,-3.4307041563936753,-2.0884206525763735,0.9709817759370961,0.23269620067837182
125,0.4444206244191129,0.5432538061207106,0.9979840642559942,0.16062784905139924
126,3.016178543909821,7.893839409305647,0.9926798269287425,0.24400995411818677
127,-0.48163714731040397,-3.8090686463527414,0.965983140481495,0.0999216399572488
128,-4.035525225876352,-1.5057270468551902,0.9573502670924026,0.1742331435772334
129,-0.8710637517175353,-0.555825520894599,0.9875389160990767,0.03678713592538356
130,13.062899353350918,2.0380255977248956,0.9855996330275015,0.1099940572364988
131,5.3129734527984,-6.709641240393989,0.9511110336318331,0.1708197194957965
132,-5.042302684612598,-1.517645540851043,0.9728516733747743,0.22255301214701154
133,-2.183191694010071,11.172080257591796,0.9927652161088323,0.06590952280714044
134,-1.3548625469396023,-0.4057754224447674,0.9896549625133569,0.4482305019480256
135,-3.407222930365151,-2.355263835799795,0.9880316875818521,0.04879741841998894
136,-3.652012750671357,-0.2232955756249586,0.9576589334952426,0.3484564859243504
137,1.5644448360603764,-2.7098576581159945,0.9712682378931786,0.11892644587587466
138,0.022152485257667998,-0.7079299245844197,0.9511018840958553,0.18247748661158217
139,-2.917447495124531,-2.4871945011233114,0.9755064615026776,0.10235004537940225
140,10.669946414261453,7.45640168938737,0.985804810253344,0.10567863231736728
141,-0.2941791813791341,-0.3045760498487251,0.9662970662249009,0.20217848894292198
142,-4.882741316154523,-2.7380920916081855,0.9389324194011257,0.19689593276406986
143,-3.2919260613357375,-2.998906817496905,0.8344602988066528,0.863550136417374
144,0.7398941439311391,-1.9417661964112178,0.9314562447951305,0.22995545029863876
145,-3.0005755867311557,0.02272448271062366,0.9828969079520211,0.2522229418701265
146,-2.8308590081495417,-0.04263923947710602,0.9737413641849915,0.08967391439054162
147,-4.807663642185071,-3.2484028592834973,0.9825840206975955,0.13501796977017694
148,3.0145264568824617,-0.26372870775626733,0.9831754443723054,0.23147787636751585
149,14.217213819443483,0.40390709511225253,0.9932428124415835,0.22509727177071112
150,-5.47880872825002,-2.2939764725841574,0.9472468851192601,0.19077006035826444
151,0.47876346092937005,-2.437395559783641,0.9258330688567773,0.25548682205538875
152,-7.5767587522853574,2.454504181373986,0.9883001156272992,0.2711291876752375
153,-6.265087913593147,2.2116721408528033,0.955670239379266,0.2520727611314577
154,-0.12887716045930864,2.688969975827371,0.9911307663806208,0.15830853422279875
155,11.784780138598556,2.1128777606420686,0.99189228768097,0.21157713131933026
156,8.564816190009857,-1.2405798996803892,0.9897693150183562,0.12534168976567944
157,-0.6055551895644391,-3.046472007700438,0.9474471994010856,0.5906128959039696
158,0.22142360303748942,-1.1574319812042484,0.963645641139829,0.12975650935343894
159,11.177944181629226,4.639369759927856,0.9923732365412911,0.2531433113543615
160,-2.8718948875521537,-0.42775971171947447,0.9557221695613853,0.14337598103778307
161,-3.9566917956578225,-1.288177529203188,0.9816437218000508,0.13001131762212376
162,6.029032364886787,3.993770973591433,0.9983603731047054,0.08673787240489862
163,4.536998216771619,0.03117690585960098,0.9883385051416048,0.2458505523382561
164,9.186814080915834,8.428069522789613,0.9846308325217185,0.31901745652352853
165,19.10349420040183,-10.600951988655115,0.9953685051976504,0.20431291336827892
166,-2.9645669768744396,-1.8449945661229523,0.9632109639224586,0.17384159957367593
167,-0.9217529865909295,0.06513997175874842,0.9893027100752951,0.059647517199257837
168,0.976481173834407,-3.406813322065897,0.9781537930585081,0.3383751700948124
169,1.7446248143620418,8.436284640344143,0.9856204100688852,0.1292182920200937
170,-0.7465239894948601,6.772689849826138,0.9743141678698026,0.1542808040363493
171,-5.33510268981814,-0.4183215460805192,0.9576225587064779,0.34461182764279885
172,0.9481438301354705,4.854076459059955,0.9972924893869165,0.034579508219148784
173,-6.827700727375508,0.5982943989345966,0.995250126115079,0.06006185029672565
174,1.473503399337594,-3.940544353898761,0.9302780512538823,0.7040681991954151
175,-0.5079112281657352,0.2202397590635563,0.9925096473755359,0.12283293364792224
176,-0.29725143004528043,-2.0636194373303534,0.9542424704860027,0.30449585059605755
177,-0.5595343434483206,-2.317395534397763,0.9540214934471213,0.33962764997901296
178,-2.9334232993056943,-1.0194681298471249,0.9763948044426805,0.10042205929340219
179,1.1508541980404958,1.4556625201503532,0.9800884184383175,0.20362194725293842
180,-1.235962748982574,-0.24635411002103336,0.9628133030973007,1.3232226700162626
181,-6.27494418590275,-2.296806790007364,0.9857797346222461,0.07947173465744435
182,-1.7848516765365914,2.3169980956895513,0.9919824657768129,0.09236919658524949
183,-5.7318581368139245,9.884042288760227,0.9843617296398215,0.14906424289150141
184,-6.890972815544607,10.084006904517635,0.9953557640567222,0.1827890076295925
185,2.6999896078997994,-2.3059418379023784,0.9914410803920712,0.07634634736298897
186,2.881955493253865,-4.993994876863155,0.9846018096309241,0.14573926946512644
187,-3.3716399765028022,-0.8347013679690503,0.9929814990007674,0.09546261249146096
188,-4.61543698625931,-0.18666720352676158,0.9725931708715516,0.5264432862238901
189,-4.684869414439647,-1.0952885802729067,0.9320261238401552,0.45236697056123776
190,-1.6306155043839543,1.2319788393592832,0.98442792590602,0.1278979513611211
191,-6.094604510524888,-3.8548886854078295,0.9784147905673659,0.0636168455827079
192,-1.4931294061025002,7.390557185207948,0.9852196293638703,0.4481208765036642
193,-4.57056876234023,-1.2701502908932722,0.9918196277173125,0.08633550448443573
194,0.8828825218197136,0.3421290830747896,0.9821479944165921,0.10254737766581747
195,6.182702816911006,-1.138769991743139,0.9873689517025716,0.0628415379530936
196,3.4820475067613925,-0.8939517823546921,0.9804113623094958,0.1548465188612939
197,9.303057367215828,2.6496724059730266,0.9777988501293772,0.3509595197686206
198,11.973087093118643,14.90242648602194,0.9680873586135368,0.28465810682632375
199,3.703660244706672,0.49443139507264533,0.9920238533124162,0.11855250935477474
200,3.2297417280181007,-3.0261169285758274,0.9848582099319708,0.43211499782595114
201,-3.500396299870519,-0.6962434709775511,0.9907814127302167,0.05903534102360117
202,1.0816206928547052,-3.8572458017606346,0.9683628917465661,0.19905670484800486
203,-1.2437002598676634,-2.8046826515468077,0.9235474250379133,0.3772889580739217
204,0.9145152276350377,-5.797970610195701,0.9640003105701304,0.07730316187545144
205,11.851244755855305,-7.128481845554208,0.9704031904658141,0.2016799516458407
206,-4.258408264772267,-2.3924179235898757,0.9432583267939743,0.23150232176480595
207,-4.566855692052741,-3.9797958965815514,0.9284356371192909,0.17682633424835453
208,-6.156910044987443,-2.5285137284719257,0.9951352424688935,0.014362796042332001
209,-1.8229408752596263,-1.723385358710333,0.9271197187044289,0.25853536703495084
210,-1.8452642320320516,0.1839711234592496,0.9820019644721392,0.14238511413752042
211,-2.766467042851784,-1.0700501695789635,0.9623793450050323,0.14029406606319816
212,1.5289632814006344,-4.13634600561401,0.8938380106514021,0.4875795759518845
213,-4.49404776183087,-2.162904987169436,0.9716993081951688,0.11397571310224636
214,5.737241415778482,-3.1190820745979906,0.9894378112370005,0.11681518483482652
215,2.217388489057284,-0.29364126047801165,0.9877989283222217,0.3272434510398625
216,-2.0231069602178398,-1.7486863685082485,0.972408987756687,0.08299256812331182
217,-4.398046236225218,-4.149439346330269,0.8150053013000272,0.5052448669030736
218,-0.7114679138234077,0.2991697334342458,0.9568366977965552,0.13091165323922307
219,-1.0487804907006288,6.576581637039636,0.9791856812986491,0.31388248846833194
220,6.579853290683384,-3.0425096686006503,0.971188137795791,0.7466034577901541
221,1.1038076992719468,-2.3208245956353126,0.9906193525815264,0.08385374509334495
222,8.908917474865135,-10.483551962667361,0.98404217870508,0.11297324594062785
223,-2.4433340227136595,-2.0846024953744458,0.9650194478632875,0.20129695769769376
224,-5.401797483314001,-0.10627610787287001,0.9865488055787266,0.1391782900406856
225,-3.1663506546039866,-2.3063004029186,0.92916258067926,0.30952326529211277
226,-2.5752260404610556,-1.1820462974618913,0.9614209541918657,0.14192390148739323
227,5.573380467801521,7.659816758860185,0.991838612283524,0.13953130031293046
228,-4.0920907247197675,-3.882797243685653,0.9806740285138795,0.1727572722830658
229,-1.226106966883284,-0.12695257865907816,0.9801623841245061,0.13937249124780363
230,11.44143131017361,12.305790394973004,0.9942066450958744,0.1520976004973988
231,-6.510281562480868,-3.352455375326369,0.995406283105701,0.017355437633626517
232,3.786482984502528,5.8637946680360375,0.9740775491400593,0.2766826500091733
233,-0.6497549362123254,-2.6804996507899537,0.9783920661334659,0.08235140673075572
234,-6.01516953343511,2.265160049920782,0.986803219748884,0.10040919563006702
235,-5.6742024500038095,-3.897610452972031,0.7511952534396924,0.7674403084070043
236,-5.751289709455419,-2.795341227419109,0.9816726713474818,0.0690722819241804
237,-6.44518495009067,-0.10165991976610478,0.986609731944616,0.13267761445437018
238,-1.2180369157909614,-2.363028775887597,0.9711392952310592,0.1838183360908189
239,-3.7531895709222725,-1.186952062196767,0.982678192788041,0.21049677957266136
240,-2.7624295985029157,-1.3348315425754338,0.9781241722313317,0.14646838064892348
241,14.717804097216042,-2.357919699521812,0.9772131125807266,0.16525629159588578
242,-6.980462012157832,5.671318049632694,0.9914675748648466,0.14143478790313968
243,-3.2993498664996146,-2.526939938277162,0.9517421481108722,0.16884131145206133
244,1.8640207087577263,-1.2153214213116348,0.9902452793047142,0.11435202618612877
245,-10.805705917031158,6.200933030854069,0.9977216103144104,0.0778108224173463
246,-4.453891326895979,-2.7941245869017157,0.9704402783504028,0.20827709576507727
247,-7.6884765286409245,-0.5294741269302605,0.9922138994876788,0.10699817312010462
248,-3.8089899976986157,0.3028140693306849,0.9930237946842606,0.08633577476789298
249,-6.8826548289875005,-4.130521777283384,0.9918593568504916,0.02828766391966068
250,3.533588281518356,3.0364659747123675,0.9899885255419446,0.08994350731914652
251,7.863193404215983,8.384193625429171,0.9877989825498155,0.11610435592918687
252,3.588819967226992,-6.003860827003739,0.9702177066632529,0.08101034468816298
253,-1.6504601086363713,0.21935004992418072,0.9682542368512144,0.1124935677932335
254,2.1767922122908514,-2.6818228738393013,0.9659100583069365,0.10981839559268856
255,7.055304410898317,4.194152778145602,0.9885744834333303,0.13423517520300632
256,-1.9627366061308638,0.775324045338083,0.9913322300745111,0.0836704335705983
257,4.106130039181124,6.505040227473836,0.9910367695495763,0.2102868434609664
258,0.23311580955529543,-2.194486495859362,0.9192883303461324,0.28501088172988115
259,-4.398316226420831,-2.3362663651304976,0.9415275240004093,0.4846078494438185
260,16.406264664282105,-8.871735044153642,0.993876229471539,0.18280933225106205
261,6.807482169211812,10.019818274281292,0.9803411662918085,0.11269047336451063
262,-4.13650540365457,-0.15102803323681702,0.980628122961331,0.1155828084026158
263,-8.679845842531945,10.511481082887299,0.9915302472944515,0.07353367368632492
264,-3.3979230902081086,-2.487846101820363,0.9251582082742982,0.4300636769810608
265,-0.6064703023306603,-0.7383265322216905,0.9723128903386193,0.17650154957079994
266,-4.262264148320359,0.8050127205222521,0.9631414945718698,0.3427916623789403
267,-6.00718430935801,-3.604515229963139,0.9849332041328901,0.24325240192286593
268,2.438953742109253,-1.7762426440738448,0.9640216770040586,0.323268751079026
269,-3.111258575986381,-0.8532507642968588,0.980546827373879,0.06576769768126346
270,-2.749893569628359,0.1457668662134548,0.988719541213192,0.17811504409346487
271,4.508853996790764,7.416297833750823,0.9812941291092939,0.32118891002683897
272,9.110192005829926,-3.3173673139083864,0.9765122289641428,0.2202580713418359
273,0.5363249085008048,-2.9146738695475074,0.9640759906491909,0.14975195631539945
274,9.222022838000733,3.7912337709305994,0.9859054612296381,0.14285008264458948
275,6.16032844919508,5.400576540705188,0.9923221208690927,0.19710680700590436
276,-1.5943507873811873,-0.620490628587973,0.9657713478570058,0.2965594066231597
277,1.557452039539247,-1.180634393362653,0.9939050200534395,0.17657934935778508
278,20.298674648734504,-8.376632197816566,0.9885443596779234,0.10484217710616457
279,-1.7369186741673701,0.8767807140458252,0.9849273444535771,0.23140667028458628
280,-0.5524544008556631,-2.5105065252178695,0.9548810317689691,0.22542832473004284
281,0.6802098187082781,-2.456621597120671,0.9478859836183192,0.2972858162430434
282,-7.240777086981594,-5.665147581886728,0.9906658207475844,0.14166431960955075
283,-2.1115672543324826,-0.23543665920446522,0.954168407532539,0.19642030749597025
284,3.8331263278217564,-3.8166755846092864,0.9940389117994295,0.18092639855623205
285,-3.1145711784299457,-1.7112146669995987,0.9664001950418893,0.13223225892636986
286,11.061850749671127,-1.636238710865427,0.9894311123875609,0.15413940941927445
287,-3.753126110241685,-2.3404979844853573,0.991097924403259,0.05871364315099788
288,-1.9278450353772567,-2.3930146321988386,0.9656164961332934,0.07025476522056062
289,0.1751601730153789,0.8726030464335608,0.9718236378218156,0.23376881060993876
290,-2.4959170994413493,1.1765506861081008,0.9979292649578254,0.11236722447369721
291,-2.477152539487296,-2.202666506947116,0.955964781944459,0.2297936970882043
292,-0.9834840352803307,-1.3351106451673362,0.9809561454818356,0.10511464738036938
293,-1.9275675099499074,-1.680803895641724,0.986832663375488,0.13428897033062706
294,-3.360988265219559,0.7631545256305241,0.9917899944193388,0.03258894865899391
295,12.557443793843888,10.227271413216927,0.9584758122818305,0.16802300389627803
296,-5.449186551391618,-3.730815751723407,0.9787527394799085,0.06296781993308517
297,7.530650747165809,4.5408973003001805,0.9876824397793008,0.05215758575830106
298,-4.119744481024744,-3.3523369242276844,0.8611727923607958,0.421191264658266
299,-1.3582295614386195,0.9752400159221395,0.9831868285673357,0.07123852298252105
300,-9.35665169449192,-4.404859039157861,0.9916930316477061,0.029498608841781744
301,-12.955655290706186,12.613720211049179,0.9772865131465249,0.13527454768448555
302,2.728716297990726,-3.3930312723367155,0.9277948714789156,0.1515530344803826
303,2.4379642519815627,0.3185628140931964,0.978118971079646,0.39840992260341673
304,-2.915000929743254,-0.20673903561704954,0.9903679251297292,0.2177172438515472
305,2.180241653904953,-0.495111853400485,0.9809431786940125,0.10828291170301373
306,-5.04288527308791,-2.876348038986496,0.994210740768254,0.02259333205586877
307,-5.450820503945513,-1.4754929721307128,0.9250269434820696,0.21107885343984306
308,-0.9268677793726714,-0.47119235739841514,0.9938751260521315,0.08587957837085161
309,-0.017969624265198547,-2.2862341142362492,0.9762027967915787,0.08853475423606084
310,13.939301351150931,4.698845367709195,0.984935738901552,0.13182320665802277
311,18.84383356214613,-6.024497564421551,0.9885126598872827,0.10761513751225958
312,0.7189367860409934,0.2843269157709827,0.8360017513799617,0.49947461346775357
313,-0.476746590763359,0.7270577219957826,0.9901826921338142,0.03254200520157672
314,1.463707778013711,-2.2485966817501697,0.9809349938882349,0.04088390488842149
315,1.8579788983801029,-4.1356897771151155,0.8458837224779926,0.26069892974300907
316,4.799697757576552,3.95148199063671,0.990957484696736,0.08251872557062612
317,5.722827614598379,-3.0995188691520354,0.9899845842754639,0.2609173815797399
318,-5.50940451640497,-1.7869996623446864,0.9786112416682806,0.1031480709226605
319,7.667637674565872,0.3842966806192276,0.9918468035130616,0.07638391200099477
320,-5.283715441331623,-4.070848222045744,0.9801192433074495,0.0788877592510951
321,-3.7711409353345724,-2.7036531725413404,0.9428210562164168,0.3925284727943304
322,-3.210118963942165,-0.8768101214781119,0.9431553224339583,0.3323655975071444
323,1.9840675613392875,3.0582563691192792,0.9749656008736641,0.19037647300560498
324,3.9968919140716874,-6.218265997712319,0.9586569954127093,0.10296253184160867
325,-4.169845793460864,-0.5053170043672743,0.9948891555691571,0.024190686606267633
326,-5.71431700484245,3.4703409377727414,0.9797648940192772,0.18360589990678555
327,0.001049234584764136,2.7051455671752027,0.9824675073610528,0.18499115800723917
328,3.297621101485962,-6.6594842541086,0.9554964431509422,0.1175148915481721
329,4.617540006657546,1.101837325727443,0.9911087047846753,0.06813863638675077
330,-0.43784558187943645,6.408930336694484,0.9944569687633459,0.11022723099930956
331,-2.3141321480260792,-1.3879065305126224,0.9910778534917944,0.0658378240342739
332,0.33348726470885426,-1.5940384814101902,0.9932767196555787,0.08870703951168077
333,-3.149811198745832,-1.7720414898068326,0.9864325839758719,0.08076398676838872
334,-0.07654829075072067,-1.4721259284251969,0.9869957616195453,0.28309784317491365
335,1.1336391988947492,-0.20701078786685123,0.9783473225953321,0.09041833664448783
336,8.816634178376571,-3.153225432000841,0.9935078003671732,0.22056251577051741
337,1.591283346301414,-1.331505138733187,0.9843641148784551,0.04736629501323381
338,-4.230489597518393,2.9993062492531593,0.9976329455892683,0.0852176220408716
339,10.123885631364523,8.205307406781198,0.9692048646740488,0.41756963627117677
340,0.42568926911976135,-4.423173245558809,0.9449430952125711,0.3779932006226414
341,-3.7785859220016125,-2.8977685269723454,0.9475878586983124,0.14833560850374267
342,4.794190392783317,-5.160279063517238,0.987386274832843,0.12825044497654878
343,-0.18919781928598134,23.79722886172722,0.9921539498307074,0.05215881520184036
344,2.648942699232941,0.7837893943765017,0.9885810740553933,0.1157504419262318
345,-5.575136174975121,-1.4013103758306578,0.9896820227368581,0.03680068054805349
346,2.5812619814123066,-7.542467913955997,0.6726521155184202,0.8713044624102806
347,1.6365863078350404,0.4191533636211222,0.9854065071469775,0.15298321239103793
348,-6.055010761077114,-3.6319333419653654,0.9864771418406628,0.10756194928411257
349,-5.371254461138522,-4.897104109262938,0.9503296744438346,0.14828670184298037
350,6.413954245930873,5.624078696911072,0.9671253453089828,0.23976293431641574
351,-5.080357670295575,-1.808728887214997,0.98278269558723,0.1418848916540674
352,2.9315800768352487,-4.595746807534995,0.9287358137648709,0.4707974927730984
353,-4.346129796546496,-3.2566774710210353,0.8660362954668575,0.40859873504239275
354,-2.9874754130963077,-3.2007322060000334,0.9755309336422404,0.12270333677596364
355,-0.48302287290155954,-1.6919007755329587,0.9766100693063151,0.14754087036302826
356,-9.109403150618089,0.6002935677356396,0.994684152322749,0.04298172183924549
357,-4.05769120207781,-1.4299626256747575,0.9798198094219619,0.10549731984235802
358,-3.878468530579677,-0.4982971678751511,0.9928888463844187,0.09532786812333868
359,-5.413409748106489,-1.5953694088829402,0.9843167805979409,0.052096902511086104
360,2.279759524574141,10.704033264547805,0.9901880190274354,0.27250607100510066
361,2.5099856548295962,-6.237314463583365,0.8789549897401667,0.25436877800040486
362,4.0120415456152285,-2.0728984256919762,0.9653888680024886,0.16386375027641037
363,-8.125029350458451,8.694151860360313,0.9914804847286657,0.12074223785497583
364,10.329118553627051,1.3749562677116058,0.9648716077985059,0.19669385826215743
365,-4.758530375258857,-4.229792893484735,0.9566298410495528,0.19866428981655562
366,-0.24849373475354009,-2.671234993593783,0.95897078540252,0.19078064507845996
367,7.77521880468728,-1.159361034343335,0.9877269865352978,0.1647108643007008
368,-5.241451780668573,-3.7837639362110966,0.9487568790987303,0.28318682157713265
369,1.247449619181793,0.3696763690339022,0.9873523514314563,0.05143129348861546
370,-3.0573839851594604,-2.720678029208685,0.9782513464380687,0.21142068268892197
371,-3.374483339431527,5.264669153484002,0.9837756510413647,0.20129024830603534
372,-5.095486212018255,0.11520697380137168,0.9838749314360934,0.10489339544848283
373,2.2925473606764255,-2.5894571186560045,0.9649234915241262,0.15609267189529158
374,0.40639499302326465,-2.703498680062685,0.9554151437036302,0.24281571179846806
375,-5.212884984806257,-2.0388999022827816,0.990817713674758,0.04091355885096058
376,-3.0375359435006484,-2.2649429765803846,0.956386488510803,1.0808744413449973
377,-2.4989293453377415,-1.279837883292711,0.9623474403469595,0.12238391761910289
378,-5.575817676837477,11.656546540799214,0.9948571829054478,0.03587897387119204
379,-1.4895681756084416,-0.9611367904659991,0.9184435052260499,0.2184833068269342
380,6.345625198731544,0.6611357071407422,0.9984437125252791,0.14341529747092674
381,-3.260416300247708,-2.272760102623261,0.9597519080678584,0.16693458490128107
382,1.2780781457700319,-1.3749285676236722,0.9525334550926092,0.20518618106928743
383,3.990606167482759,-2.0782815309186025,0.9645540652823583,0.24296650131154549
384,11.78049404923771,8.699261023496883,0.9923760189490335,0.14002425639775867
385,-4.063659652947629,-2.0920232743654728,0.9808118517514013,0.10371563889846895
386,0.8586391641526161,1.2486232044121275,0.9694627815361669,0.28122169762944205
387,-5.782319581920438,-4.616133786642405,0.936756812143897,0.29533207787166116
388,-4.521041109259301,-2.274209589894462,0.9903064791249069,0.1730345483912584
389,3.865030331125138,-1.1418123902838162,0.9840414673837993,0.054294819617671006
390,-1.927468535736773,1.1578866083367831,0.9904265434766945,0.031063801927125538
391,0.33085282802987326,-1.3591827733330009,0.9824025647397064,0.07011410474645018
392,13.895553538119191,12.0566332817618,0.9946053414372404,0.17031808727692227
393,-0.09331204580289221,-1.8303542927912941,0.9828437973491894,0.2440522795817247
394,-4.711713494822105,-3.2281298904494733,0.9884838716660906,0.08603915473609429
395,1.5543998141659836,-2.600603278363765,0.9048908951774185,0.2621213350678765
396,1.8620890431362396,8.502744694595352,0.9859570213013461,0.1066552631325516
397,-5.1843516246830355,-2.3717540029775335,0.9675073432030323,0.12949208259025005
398,3.84376879229017,-5.763578598345114,0.9495664938722554,0.1399940820998714
399,-0.019676203153061067,7.79809293798175,0.9734384179957808,0.1444808463578165
400,3.288760863828723,-2.8710219107643873,0.9838668766383231,0.10831388879504446
401,12.95788270796961,-2.642539187353603,0.9938131087583968,0.12333476306773486
402,3.542561993513555,-1.4315580503723178,0.9804628807244722,0.10994643362718101
403,-3.7403564409327337,-2.4340787360402194,0.9974252525365339,0.11697059845398969
404,-3.4885996847170695,-1.6133328605314325,0.9972171410613303,0.07770194159470195
405,13.751031545487354,0.1472836134716058,0.9962863165258526,0.04344094813579717
406,6.805735521646064,-4.701128468745472,0.9849726507855708,0.08939883216317851
407,-6.974175812263712,-1.0496840930276656,0.9850774732623303,0.09357042025880759
408,-0.690631976356517,-1.0050084850684655,0.9705370020876701,0.14069130736831842
409,-2.9172232632830255,-0.4893312557004297,0.9601583610730314,0.19906282375044804
410,-4.3822659393386125,0.71093384715435,0.9661764840257209,0.29997387669565284
411,-0.3275081068391539,-3.0505612671074025,0.8904005170123438,0.33547496787751485
412,-0.3195164277322604,-0.10011853055821618,0.9749777864097273,0.2013590592505098
413,-0.28273009353262024,0.7053040656797993,0.9886647887849408,0.12390703651444523
414,2.428970796114334,5.387499993463214,0.9547454545375025,0.4401730751369209
415,-3.1629252657201627,1.3968566446624395,0.9860323956366879,0.08173476915611061
416,-4.233123328555015,-1.3413035102447086,0.9943213494242872,0.0966776897953047
417,-2.0937888083199923,-2.2691018402717633,0.9777772587795887,0.07611998594294875
418,-4.091157124827946,-1.5122916783348352,0.9963310307300156,0.01332141883794221
419,16.374552447008654,3.148232206419184,0.9902616785672071,0.11539562036517251
420,-0.2154547797882289,-1.343249250556168,0.9524388109825568,0.4747078659962961
421,0.9999575711615005,6.648601735102863,0.9895311811524434,0.10294437046046209
422,7.001166150539892,11.481087997645306,0.9865253174753863,0.27845150951815467
423,-2.2014218044441374,-1.786297804698064,0.9358353983171842,0.2204579895669689
424,-4.485685268812405,-3.7926232048895487,0.929691543619668,0.21851078234067678
425,-3.3910283562473476,9.102989341697773,0.9905309052793458,0.29395201318749953
426,-8.607506635545786,-2.2017591104187964,0.9902700001004077,0.08574251821093333
427,-4.24729107951647,-1.8989605268156042,0.9888263013649371,0.3316173718432681
428,-15.727578031170037,6.7720043556537775,0.9904351949875151,0.19597230306578076
429,-1.3087484887713643,-0.8225916093750536,0.9886591524762234,0.08528384485246303
430,-4.083257126264991,-1.1055737502817284,0.9949838075274117,0.029906675627418777
431,15.478915672329048,0.630921449939283,0.992676119256156,0.05700803438334956
432,-8.222526811767509,-3.6861286433818146,0.9948360449585051,0.016987508413691062
433,3.000845343352453,9.622337413621816,0.9942692449697238,0.053254481900337755
434,-5.879040814704927,-2.5365576397569694,0.9819688249227505,0.08380883823245917
435,-2.5625082892935747,9.925643228792511,0.9725435336457445,0.33848050865614926
436,13.671675855637545,-1.2888616575273817,0.9765185425286077,0.9995828751835091
437,-2.0050034510575445,9.45622868320908,0.9924073499985703,0.1769927003963108
438,-3.3961200331333523,2.6380019120400497,0.9884553925732072,0.1921993764671882
439,1.7059470817353866,0.5651720542680883,0.9805151290106472,0.09669008847958907
440,0.18568408031820294,12.691852253457421,0.9959516600840121,0.11569040470528148
441,0.24830180742142716,6.444808409410443,0.9531282458398415,0.31800698495439406
442,-2.322457796665541,-2.7333604310658393,0.926676362181501,0.13759653825877285
443,-5.010263268144122,-2.534667259098734,0.9722413073749804,0.15392967519295547
444,-6.706843427891767,-3.922521391462131,0.988010352782627,0.07197631376943067
445,-11.06946879159414,-2.794214632686275,0.9871110769778187,0.20771677284843906
446,-5.5719491787630755,-3.8539009333131675,0.9958408479195517,0.1277669338724969
447,-3.528712818403999,-2.507196545754181,0.9906839104162214,0.43155271900953207
448,15.891487946645995,-9.714261974192242,0.9932364406328682,0.10972802778982785
449,-5.103985572936042,-0.1725639532148726,0.9671243725296313,0.09203510257124373
450,-1.3732222784421815,-2.138508574687864,0.9768354322271673,0.17332917955795632
451,-4.164090798258123,0.18360514174551046,0.9658074904065611,0.1143234030691398
452,0.3407828825236936,3.516803778448887,0.9938189351951611,0.19777250930553583
453,3.605856258813499,-5.407976576393662,0.9875201998646383,0.6318892335551438
454,2.2097524210791653,1.8651395946394391,0.9859203946880714,0.4602389241640994
455,0.8698206131673043,-1.7118083437948455,0.9688911328714375,1.1446546879201103
456,-2.9291864476408964,0.22838226395245087,0.9762900249974786,0.17303548902015653
457,-8.111239384657196,-1.0504370691188685,0.9942479315205727,0.05311807490207527
458,-2.108622822240463,3.6216336559805082,0.9921361872908716,0.44974773308087607
459,-4.0533021282701185,-2.069449032930047,0.9679720045493359,0.29606875178066294
460,-5.25195948351214,-2.2692536790628695,0.9706412560704979,0.1355334168578539
461,0.5176935049966511,-2.3504693594688186,0.9845516570244527,0.10601777067282449
462,-9.217703376845627,-4.292037555256795,0.9976437500820226,0.006524698666089517
463,0.8365673428375473,5.714906350910841,0.9860004392574777,0.2379733340415972
464,3.972148069561645,0.6187537661258355,0.9958865124203027,0.09573343848821946
465,4.3602340416369385,-3.6967471998657153,0.9904153564911501,0.03536127768963584
466,4.913479621191029,0.6784799142803255,0.9734195898327628,0.2332815798512972
467,4.130728625964117,-2.671497530744314,0.986900885409269,0.10438082316790508
468,-9.58415797299526,14.186525590421445,0.9471759044701995,0.6604495445669533
469,3.7825245928867934,0.9108448625648151,0.9563748601044655,0.20813189268475896
470,-3.3347988546171816,-0.427145650307418,0.9864551492037705,0.13591654692873806
471,-4.731456723254308,-1.7210239174174697,0.9790186347348708,0.09449961115137738
472,1.2985909982284998,-1.080621528793733,0.9779558564901099,0.0856202531854664
473,6.333926320659896,-2.6217434475259314,0.9645943180473113,0.14684900784398378
474,-4.148849492901565,0.6866166278467709,0.9900705555281513,0.07446546393721308
475,-1.4354369377639504,-0.3733651925233916,0.9204471327340656,0.7771707970016293
476,-2.06355002980369,12.08153379552977,0.9972075759019781,0.025071459563738543
477,1.8087731925812207,-2.2266417285492954,0.9598736921601606,0.13872846289607954
478,-3.0409965144081554,-0.7139297437110548,0.9839685985970854,0.07233427427156916
479,-4.567204267032837,8.632757361414724,0.9951850738642528,0.07148176877717326
480,-3.627985227774678,-1.7660165411341557,0.9861259132160245,0.05683204516428231
481,-3.023543492133663,-0.34697773213819794,0.9956818294103735,0.05324342207267837
482,3.087512639467672,-1.258310318113149,0.9700555684660868,0.1075435157078953
483,-3.136017384587076,7.813663130578915,0.991002614031098,0.10075079101765182
484,-5.827527348806545,12.228609606534802,0.9934899408914417,0.23997884843350106
485,-3.4623779994368418,-2.188523988247546,0.9792758846853129,0.08453144789300054
486,2.887848529225672,-3.9472993006938015,0.9447936888461347,0.16886855320210142
487,3.2639574346336966,4.670286254207609,0.9918594625326135,0.13036623252950916
488,5.523303814764842,6.992147493882847,0.9947853318159394,0.3503872986622835
489,-0.6125784087072494,-1.0736560588013306,0.9443843310483304,0.1921103443288414
490,0.4350112803915849,-1.873680990060886,0.9913660074987805,0.045300219446607656
491,-7.044146367358248,-2.2456024949606297,0.9796543127663265,0.10109098120444172
492,-2.544120874230769,-2.0161125488293354,0.8625635853146472,1.1653371482983756
493,-1.8413420371181168,-0.9689219003265475,0.9903495320340696,0.10101789581954039
494,2.206090758793928,6.817881001738227,0.9963336032934494,0.20625232498004495
495,28.68998277651474,-31.099648741150467,0.9885344199064143,0.17349403891261045
496,-1.5109290466220329,-0.525497586762536,0.9282060566546035,0.7110190984991654
497,-1.4517899318392882,2.1461941476010757,0.9953562917475482,0.16909765458051484
498,2.2141874338713814,0.7044380137724975,0.9865254931257404,0.5007691957860385
499,-4.877786077413143,-1.6619583475175452,0.9849256499324486,0.049336418653425244
500,-6.844326097870898,6.737747586482273,0.9927596091574226,0.11027664242494359
501,2.0515891875005874,-0.6957956808187973,0.9740416059490586,0.28617727253330105
502,-7.918468193395065,-0.9855132842994889,0.9957516713195713,0.029876460328309914
503,1.2968496153017486,-7.876827024071438,0.8686616597457528,0.1571046008491341
504,-4.454468308075407,-0.6512448625574221,0.9761189794568699,0.1413044624219666
505,-7.140599551460076,-2.912317962239262,0.9879147292701612,0.04292373974284014
506,1.2829096094505692,12.467852740499533,0.9902712033590773,0.09973806619940023
507,0.6071940387720502,-5.912675917840474,0.982692575958005,0.47526084685342745
508,-0.17516894144760942,-0.3864675883503743,0.9874173866873557,0.06981094641702172
509,6.4006487725878936,1.6498031254649748,0.9768332271887832,1.0237678889813397
510,16.384657043016283,-4.57040480884005,0.9940142931385291,0.1984157691968595
511,2.904628314907611,-2.741526016862296,0.9878137490183183,0.17363028791103738
512,-7.744309785499859,2.6077265279656476,0.9965320283653892,0.09239791302600792
513,-1.9539598392699222,-0.13215183426017685,0.98807845208175,0.10695945130164661
514,0.18645167824086384,3.3585467131285665,0.9916014192223854,0.05707311243717032
515,-0.9093562693022297,10.467154718020003,0.9932836004386028,0.1619235329906733
516,3.866641498881269,-2.390504014223467,0.9867649324533322,0.2274346338532078
517,-1.1407832053667706,-1.5353923861688985,0.9283705757150637,0.5575368804713348
518,-1.235768211911893,2.4913912781701804,0.9765585038649044,0.2533491094934345
519,-2.289225224161806,-3.2175648374284878,0.9543027001177954,0.158691563984322
520,-2.4912295216244074,1.8594901664586816,0.991287329267823,0.101134290555942
521,7.67892870266373,7.291496134364969,0.9875582092054485,0.24787317213538923
522,6.498303660173916,-6.7609358476016315,0.9759436639560842,0.20064134023194446
523,-3.2662316352303664,-1.8346309924655526,0.9153441570513724,0.26018964837355135
524,-10.655058384371568,9.43962159886913,0.982288209341217,0.15016287433321937
525,1.023497543512967,1.3565283740486453,0.993887800434794,0.03516883141641781
526,1.4643961090554183,-2.2698963447324383,0.9847773842993215,0.1283832393065847
527,-3.556135145155624,-2.6243384507632603,0.9528989837347004,0.2481536480671861
528,8.720103563394314,-5.277202312408443,0.9769351927056157,0.072570466433694
529,2.172622652594635,-4.724631340792596,0.944358407217602,0.17614012534820353
530,4.1841815803657,-0.40000318731564555,0.9831378122257063,0.15515462225622192
531,-1.973463234113883,-2.4295160407358862,0.8834003705873189,0.6472326986493502
532,-3.8248199491776838,-2.5524302809070423,0.9547191383339891,0.16389671314616655
533,1.50997484377248,-1.2640834051229577,0.986645195068579,0.06477059908311421
534,-0.5970609209502755,-0.494934181443635,0.9790519095338083,0.09472775145209587
535,-1.9122474930564914,-1.403303304520437,0.9356446574510275,0.21032924331244832
536,-3.393860560056031,-1.8562442448359984,0.9500689883319158,0.25061538059967303
537,-3.967607358021792,-2.951943853192252,0.9794123648048749,0.08399539005730532
538,-2.1220519162468077,-1.5911865119747164,0.9052069804377965,0.26732678306373275
539,-2.8722226859335893,-2.9530445548754694,0.9620133664226297,0.1996925846228329
540,-5.033921970056755,-1.896538397894318,0.9846895790994474,0.060149272106023464
541,-5.560407239759065,-3.576131343125586,0.985447960695423,0.04232067425170475
542,-4.075177003094617,1.4861039699698662,0.9906912241366713,0.05337089698598885
543,-8.02062565846134,-4.346482379061543,0.99028306372072,0.06203057274048686
544,-1.9087688192798196,-2.5969496293106924,0.9227589916432527,0.20391909968552568
545,2.9881289453473547,-3.9054325934312066,0.9490060374904675,0.3633783168988646
546,3.4181725805501513,-1.234547468598314,0.9957663145345107,0.03243236017866451
547,1.2926211977924567,0.8120264961064709,0.9942887207350077,0.028372822991071057
548,2.4765075394781277,-3.729929846274126,0.9436602279220748,0.21032622660402644
549,-2.2169418210856957,1.580493760007597,0.9605243158613327,0.23673401150151777
550,-1.617455547911657,-2.3254078031066827,0.9830831307468677,0.13928477418529744
551,-4.708753161432137,-3.5550797728852475,0.9361085566794964,0.2111440027266245
552,-4.64900147308108,-2.551105726288589,0.9248203603769782,0.3423791096168665
553,-5.674943626060911,0.011283864506733465,0.9887987705721109,0.06007599233651128
554,-0.8091891586286166,-1.2777581118283936,0.9576421336223412,0.1517716707598771
555,3.526599752313045,7.558726509461772,0.9833542326583297,0.17031678924709132
556,-5.59079321730837,-2.210622264664532,0.9694126913710864,0.13951424714571703
557,-0.6370783080491218,-4.760185467666646,0.9494817731862074,0.14944658275561734
558,3.246895397066319,-2.1284806985511353,0.9476506540773209,0.26384113765222217
559,0.4539495325010603,1.3229131344919125,0.9924813899504984,0.05007585121569344
560,0.5577472771161158,-3.716719980917578,0.8960557254495567,0.23850198428979172
561,-13.333148351573843,-0.002348333315040918,0.9980763237872485,0.009399176709282423
562,2.833771516884008,-3.9743755139112285,0.9873525927899389,0.2399129682746502
563,-2.840937154154707,-1.3898275573430903,0.9428520424007762,0.1902656872134631
564,-3.8980055624696965,-1.5574670389445684,0.9305828624192949,0.2032483368087909
565,-5.777016996473662,5.252020656453709,0.9679639029186669,0.13717944606542745
566,-6.411650334670157,-0.15291827560027826,0.9813113722285008,0.554781018433913
567,-6.432509472847413,-1.3792972489137547,0.9705480345626619,0.12017742976485368
568,1.1370946657514067,0.25607519047569927,0.9955549220528439,0.19550073221235056
569,-4.489875396850062,-1.311775110990376,0.9847706759249926,0.057124446597709884
570,-5.684792371230081,1.342879976492858,0.9797506483772396,0.16047753559811795
571,-0.057823810325404956,-3.7917664314901316,0.9065783578576869,0.3789868118592559
572,0.9970119637243098,-0.4705278752043247,0.9888685125897921,0.034977928624208336
573,-4.881091652132895,-1.5222861451609608,0.9686540046041436,0.13192503523157476
574,-2.2502073138511753,-1.1421722436392852,0.9758999364674575,0.2644673374604335
575,-0.7684711724649307,-1.294572759184939,0.9730749459722894,0.09900317210439882
576,-4.886262066801555,-3.229269826760839,0.9366494326087176,0.21621019531317723
577,13.882642647153318,6.990635524134374,0.9769877970314859,0.14840057290356126
578,-0.3558290155282666,-1.482962636781684,0.9918230209704488,0.04099841631839966
579,-12.427164110003005,5.8695276566945545,0.9871814609558645,0.0930993981645055
580,-4.913732317813015,-0.4898443619893893,0.979920765439096,0.0933946515950406
581,-4.348534752155385,-2.109031845992933,0.9114324094650802,0.5821087660044564
582,-2.5047288596919985,-0.7929503217174236,0.980086346164629,0.105150748850876
583,-5.316756033719367,-2.7703868981107904,0.9646534548564539,0.17837746192712445
584,-0.8038295718872526,-4.822695513310524,0.7661164214974793,0.277413568102135
585,-4.526810237051745,-1.7395227410940235,0.9927177416737307,0.09621876710379819
586,-0.07585777267575278,1.7388463439076913,0.9456477101091905,0.5129933738657686
587,-0.31242318895230614,-3.3908242010831504,0.9176408214324112,0.1587406693197232
588,6.298242819921078,13.90470403606074,0.9955413782992439,0.14845402779508657
589,11.156845527781687,0.31684704316699364,0.9947191693313602,0.0440468218183259
590,0.9643332180650424,-6.213265812942678,0.9086914804867401,0.204700132885719
591,10.32704632083722,10.154943105792944,0.9913689581698049,0.18489402209743147
592,-9.44188692332698,7.5630563263740225,0.9871193873994768,0.10325556558949399
593,-7.745916169785959,2.1628621936188512,0.9939611319551773,0.07419115595917139
594,-2.4781122373066595,1.242312886157018,0.9834784861188153,0.08770447333950947
595,-1.7038704577035324,2.390380050241471,0.986921650261624,0.0837059606296501
596,-4.266354819970095,-2.6868419661685996,0.9385642198627097,0.39117827498609387
597,-4.373205422611207,-4.103024034566844,0.9754298435838054,0.14700965566649107
598,-5.51345708785265,14.644734913918215,0.9796871135571042,0.27048389472457174
599,-5.2602280650698345,9.708168358680796,0.9929819896148794,0.07974181007372917
600,-4.812502022460504,-1.1131604034947697,0.9909316970323565,0.08015854978834439
601,7.141646964584015,16.92470857804905,0.990918533263626,0.1535784108544097
602,-6.383949001028114,5.121228397223927,0.9956436619339751,0.04724118688711905
603,6.870145257095239,10.572983785107768,0.9882146670885714,0.1016385027869631
604,-0.1765463977159194,-0.043116013668120345,0.8990317910246638,0.6663343562773165
605,23.12346994539043,0.9824453400625153,0.9987068621379267,0.06545097488495615
606,-3.2261709406614183,-2.3628410930499077,0.9814441001323867,0.15775386661730462
607,-4.663513744607814,-3.6721454364727397,0.9139693808765579,0.3834791170582681
608,-0.16585383488807892,-0.6349491749677814,0.9726984038659506,0.10429716032888806
609,0.19441363927556665,-2.623311897564567,0.9702826780475172,0.1020798476313324
610,-4.056831224089041,12.038724711261535,0.9880222277667681,0.14999284380509592
611,0.16370223696832564,10.45330209517214,0.9914651913275674,0.2268338920700625
612,-2.457825849663222,-2.0701163661223307,0.9049797651647461,0.3202885047358382
613,-3.8015791001974213,3.655877302354563,0.9787900349728202,0.12402188222047175
614,-5.154655956248147,-5.210158337637491,0.8997171041117775,0.32179509596049066
615,0.6566772017321338,-1.0881336048087515,0.98338930746824,0.2606793659039658
616,24.260967934890907,0.7905664494630562,0.9975019314017267,0.20583227053453967
617,-2.3028748297322035,0.34442308187557114,0.9956876289321474,0.0916588466855645
618,11.05891454949035,15.16619137120462,0.9952588506720137,0.11095152938069634
619,5.980839274359892,10.731003431260818,0.9904219591717068,0.17648421449607252
620,-0.7451290556913819,-3.2239640752361316,0.920830242167046,0.20530819048140841
621,-1.744956575363766,-0.5534706410982349,0.9751638224754651,0.13924544032418473
622,-0.26162302911729096,-2.980749229295693,0.9583516509733649,0.137995731845464
623,11.932444583638539,1.4311821101452127,0.993551959536185,0.18949772157618072
624,-1.4052007953279944,-2.0560389394560565,0.99107341327346,0.19648967530342146
625,-7.889495443816087,1.7220374477358718,0.988972116676448,0.13363221752197998
626,-7.840776812573731,-4.426741607908204,0.951377164398759,0.7158686665984959
627,3.8566254781514537,-3.1652927133796034,0.9891284477403128,0.1232886230902088
628,-6.603477926132995,-4.636840051997767,0.9885953261087553,0.16209903812724077
629,-5.754434880324216,2.3961779511636356,0.9925095010430941,0.08432065046895107
630,-1.5971928549493122,-0.03171787569620044,0.978887779781657,0.11556693837248691
631,1.6283177733906609,-0.2506956844204842,0.9928002299556721,0.16719311040522936
632,-3.374297007704489,-2.1528912016358,0.9830919678432931,0.12441212942024642
633,-0.01247345510690634,-0.2687942447060916,0.9684790100072773,0.1776705993826944
634,14.84521650055921,6.536749998785384,0.9954827839108105,0.22309033465742314
635,8.95721061841791,1.4297500306712587,0.9628285652009292,0.34016943449548387
636,-5.277204487996663,-1.445300424222396,0.9792917439802621,0.10061881437867808
637,-2.747507329806377,9.320037367301255,0.9986150388254645,0.1135113580624299
638,-2.714271144160388,9.568949003117837,0.9936316056198653,0.05737521214846285
639,-3.016359006870575,-1.26847124894344,0.9868009391474788,0.1993575189456122
640,0.45669905027896185,-1.7332680251071082,0.9945881377182658,0.13614251521002496
641,-3.6885769377762854,0.5359701001841293,0.9791125169556514,0.26079783573759213
642,-3.278284437508783,-0.4036595398944405,0.9415399604779764,0.4256353686308485
643,-2.7691055791703745,-0.4139886923033549,0.9880282752288384,0.15790220030286922
644,-5.241055644564682,3.078016405054319,0.9752356476161762,0.1565534349148467
645,-6.225171113118052,-1.196534125761123,0.9761671195297448,0.2424322539162036
646,14.505712834095569,5.655579912270239,0.9761102720179733,0.14111040898135666
647,10.360676344867493,8.620283785737202,0.9779623875605514,0.2540139892626526
648,16.035235992985772,-11.834087422218522,0.9837507941612539,0.1531216294813768
649,-5.697150711097544,-0.7055709129624432,0.9662875270490741,0.12446533675701664
650,-8.177833403892908,-1.332061195369299,0.98772173437528,0.09569924748532747
651,-1.05804104159599,2.4722060381205573,0.9473077866402781,1.0605083912870865
652,-7.821816247609557,-1.0089321375802829,0.9498731811935793,0.20684616308223694
653,-2.5834841899768604,-2.2475103320439795,0.9806930260182134,0.31521773649649093
654,-8.16122774503932,-1.2804229108735306,0.9894967396154806,0.5361704545474422
655,-7.368866786813456,2.2134120629681675,0.9947388963098839,0.03899647760121164
656,13.400459538247791,2.5842099079109637,0.9835466774691429,0.15873075896023645
657,-3.7672359188220788,-2.502156251014661,0.9796547395229344,0.24475511535619082
658,-0.36858489627769986,-2.018800915415995,0.9665720512286888,0.10854892714173243
659,0.3683947642853198,-1.7874038051721648,0.9860238370068808,0.13037268460137272
660,-10.540267808712233,11.487516370026045,0.9898703432147794,0.09747918297440597
661,-7.666785113751123,-2.9023393415963836,0.976537993420073,0.12791897635212893
662,5.931205013493472,6.78331294874476,0.9682741006969335,0.261827807773456
663,-3.529221996571335,-2.396221900582721,0.9350054261614418,0.27270967673351887
664,-4.47746879069828,-0.3158466088905154,0.9753484692016899,0.13781325036944422
665,-0.096733919449699,-1.6265347360871356,0.9107849269948025,0.2991418402259741
666,-3.979680220179013,-3.244552034021578,0.9552712553233491,0.1728940211560179
667,13.770483765962272,-5.902866239256986,0.9800662646507801,0.41846595443957685
668,-7.4067808794016985,5.322391168328371,0.9930867383222405,0.14496392950825177
669,-1.4989239762110536,0.6508892298415052,0.9907775772703906,0.05811846983949906
670,3.652673840359454,-1.1565022195147248,0.9955158801584215,0.10332469208621897
671,-5.428622406239042,-2.110739985526868,0.9689944098401053,0.11095268788599978
672,-5.068775674411333,-2.999898635304019,0.948524014789409,0.14921345977652495
673,-1.5629175031237745,-0.9765193043098188,0.9604165552537514,0.15002244582929458
674,3.123553796048756,-0.9294074491312379,0.9789766927373208,0.8639743338898328
675,-5.105623742958983,-3.844552263615999,0.9591872051419214,0.1649371556293895
676,3.4721002631376896,9.059646695897444,0.9920119034057977,0.19546669764874597
677,-4.334455871205262,-0.5737076176571971,0.9964142035680938,0.09152999982279704
678,1.0885904278718028,-2.6271425898184293,0.9620807989631195,0.182597994321191
679,9.168670565400742,1.6860256249865966,0.991968866530213,0.07962267621354455
680,1.220139680055154,0.05220308816705721,0.9849969442208163,0.1587705766159457
681,-4.822520017999805,1.2337937623110822,0.9854694464543884,0.12128121114817726
682,-3.3716372738649247,-1.6118616193026138,0.9846290389911666,0.11414890270351018
683,2.0123188250351616,-5.306321939202773,0.9111575220087736,0.3278338140101224
684,-2.000178851662311,-0.43932389544927997,0.9580599002913245,0.4227129122322673
685,-6.480892728746802,-4.071180132261923,0.9784152767749773,0.1241066318255418
686,-3.8515439743931625,-2.356623495464226,0.9383344393146326,0.2052880989459038
687,0.8701051927427157,-2.1817450814544928,0.9633766775166501,0.12399476869298055
688,0.9836133616215341,-3.200731266933,0.9640667668740353,0.0891797416334459
689,27.509741475696234,-11.770156574244671,0.9767544309458618,0.1820012093411389
690,2.92318419358101,-8.186034650058783,0.8947902559866711,0.1879676758895757
691,-4.074878631068485,-3.8882105196177132,0.9799589889453774,0.050051662968131266
692,-1.760016393954818,-0.5347961646180002,0.9668999952348122,0.12917032496488684
693,2.180861643060916,-0.975779225912154,0.9936890443371245,0.11841980121581913
694,-5.644391413777013,-2.7104177820057958,0.9933228593149306,0.041790547540858085
695,0.9258816777164887,-0.006813930376184274,0.9846865991094916,0.15973164765758785
696,-0.421848843243116,0.09971577887632144,0.9719271825446137,0.12720559117195712
697,-4.9782529453065685,-2.694919853302948,0.9165292005333527,0.8825989889019887
698,-1.2026448474824756,5.222014923523313,0.990240242256912,0.10821487763313296
699,26.514803786863272,-3.914807905884524,0.9924286637483042,0.1986615209168811
700,-2.012683402155629,0.23342385964080048,0.9680049663902957,0.3051902298674167
701,5.688051200958912,3.94492300038309,0.9839299839776284,0.11750115537072098
702,-0.24802111137696947,-0.905308605215414,0.9874124672599902,0.06769709763787629
703,0.061226292487281064,-0.4580750905380615,0.9484820937336625,0.6614528510610411
704,0.33647841656969213,-3.6290926424162007,0.9461277530787139,0.18921589987306847
705,6.858262853198604,1.4232374336651175,0.9932610037943864,0.16211480745157308
706,-8.128223869126272,0.1558596020113736,0.9719804370295831,0.2551892631293118
707,-0.9084103793244713,-1.7563085166148147,0.9537007372773683,0.18408274920881945
708,-3.19790074219749,-2.0216889247448107,0.9411937019602852,0.2365297471950848
709,-4.277774277562643,-2.0868194571453156,0.9077526384066623,0.5561193226833251
710,12.944057283511434,10.719529105803302,0.9908872732101662,0.10328842926942494
711,-2.4714317415953513,-2.7111664400491753,0.9582908546185762,0.39530520290459087
712,-0.04490646417163724,7.040355503913975,0.9978636291758741,0.03630828245765347
713,-1.7085798429815977,-1.0717844571090827,0.9565227840374332,0.2042771086982424
714,-0.6401060372120151,-0.2472141040625253,0.9797780213736803,0.18778894690740197
715,-2.660332619125765,-0.7438854023008008,0.9826607711844457,0.2840534277599808
716,-1.50658688001482,-1.4419064236477555,0.9777616129719884,0.16195857167693647
717,11.153657147955567,-1.2256672496860714,0.9816533569085694,0.10150269780262285
718,6.408810417664008,6.947006592908371,0.9734454442636774,0.34141362729213165
719,-1.9836730694724056,-0.015657152277596786,0.9818309361181249,0.15479463279161143
720,6.386792386796281,7.481954196707376,0.9927236661508987,0.13794612219083746
721,-4.3660377140142455,-2.2170707896191235,0.9853847083258095,0.19730359614676002
722,-9.7404038025552,9.58650385939001,0.9937826985193489,0.22052398600853212
723,-4.836160780952328,-1.171999995763143,0.9689042184192258,0.2432472926109475
724,-0.38370149155816735,1.682921675905959,0.9933551890627952,0.1689265710236261
725,-6.230024516616959,0.4084401823538766,0.9910969270466548,0.30738987818346397
726,-6.848174764630447,-2.7191388188867935,0.9864183922989523,0.0857390595007638
727,5.939211471916605,-7.341219966165988,0.9550591057880398,0.13761993193011496
728,10.72387551919709,10.417264024825194,0.9812040375823728,0.17419485580136518
729,-2.249909421612907,11.152288443149592,0.9851285166281899,0.08337698916643035
730,-2.3672568489805887,-2.148286651080622,0.9529522709911975,0.19309099353799108
731,8.951995845604458,7.285070080634606,0.9959215040216093,0.22925138100429704
732,1.8719162574802866,-3.7703278000343268,0.9676643708102748,0.15664628938246966
733,13.312386919131445,6.120342081406241,0.9883108567678488,0.15846361649438598
734,2.206973278926683,-0.2953356570266461,0.9873462253646027,0.07706614293381499
735,-0.2603365724187068,-0.08174269094638476,0.9752348288950223,0.08851896200359502
736,-1.2893674462308098,-3.691573652362242,0.8796008041653176,0.2023446096944821
737,-7.203319279370001,2.3012642930974723,0.9964858544433813,0.049682657990747885
738,-0.9923025700477663,-2.911698560878171,0.9111797194819918,0.2538340428804661
739,6.945815118291965,9.274438253687306,0.9811254682158257,0.2522051416815597
740,-0.21815789733613933,2.0779632594908177,0.9871410975407521,0.2125584785123308
741,-2.9094178684168215,-0.3637692126401877,0.9936753513676063,0.030979238111549554
742,3.6733544743081454,3.4323579340914847,0.9928077098668405,0.14624508650693505
743,5.28431903459073,-0.19353239032264113,0.9663627778222798,0.16044795074067433
744,1.7715942850049764,-0.26391732884162167,0.9939900845133904,0.1045962197551799
745,5.565335890920996,-5.717451924571285,0.9785562477978528,0.17273570966564758
746,1.919759477442633,-3.5339315273509024,0.9879141289748862,0.1141669739254721
747,1.9630529531466108,-0.9714615929504378,0.9883040063559619,0.1589919330939877
748,-7.397376923296362,-4.0280208409099885,0.9831781749833994,0.12815619867883876
749,4.731451924173752,-8.47723652870441,0.9675403172781537,0.1095002342101028
750,13.03793667686439,-0.664448321145052,0.9835208384800441,0.04814458489799671
751,16.4874159351898,3.9277270022667015,0.9910267519929675,0.06750241582086415
752,-0.4665178734942925,-0.8447792914960917,0.9685126865287915,0.09246753710590117
753,10.934606087881335,1.681170181691046,0.9936532187257888,0.043488241003574846
754,-0.8321519709725225,-1.2550363769125523,0.9908500400316362,0.059640809007670596
755,2.2111148766249187,-1.0143007601120466,0.9862508357032167,0.10571577150998242
756,-1.467838837550472,9.56256053408177,0.9913121008478589,0.09077631050049138
757,-7.885481913741501,-4.603651234593137,0.9818631328848196,0.06580180847030194
758,4.9680534783675565,6.16385471738003,0.9896621168886941,0.26847437610448294
759,14.109455075240522,-3.346054344348789,0.986881946740867,0.45466150682559625
760,-0.9013100476307585,-2.2535449053216006,0.9481251234133866,0.23146918918864565
761,-2.851367924715542,-3.5245716233052464,0.8725849223647733,0.4357891837478113
762,-8.790500612491986,4.8066456130921456,0.9938758134138335,0.18820948559182346
763,4.674177511854895,-4.773003828587388,0.977947058591438,0.1573032691046236
764,-3.97991982741548,-0.4938062836315016,0.97171945070621,0.6405743559063125
765,-3.6433282258151833,0.8344111137154453,0.9869196101140549,0.2843970323335211
766,-3.79395257337681,-0.9176975313393863,0.9737510994025117,0.1299778199566026
767,0.8848254091499941,-0.21010677255256915,0.9642442770834329,0.16527698059283
768,12.150478196738778,2.5138525036543484,0.9938861601723636,0.09435913709494437
769,-3.5946171783512426,-0.6955456204598072,0.9803417593872203,0.07571623796112997
770,-0.9153083437140239,-5.2098671177904805,0.8197150122590946,0.3584632115638425
771,2.384862354056163,-2.087777141340635,0.9457901543807401,0.6980938339157111
772,-2.742401747097959,-2.4056442408516956,0.9864179521269031,0.150976400870632
773,-0.34530445628885387,11.381812025539789,0.9974320414972319,0.06580929772068325
774,-0.8006202110328631,-0.3996406593723263,0.9961836614948847,0.04551758374655897
775,-17.43397466775862,9.631799133944355,0.9973834106379796,0.019886920653454373
776,-11.635920139346354,7.937222297230679,0.9934299689000401,0.07858603839881315
777,7.511385216023755,-11.128413133168362,0.9658624483921888,0.16819232102543263
778,-6.5312301648257325,2.521744872724182,0.9206783889764925,0.30063746997794133
779,1.1436402321108678,-2.6605696177409524,0.9561465472090562,0.309313016796424
780,1.0623032022455945,-0.056718807815849814,0.9734033050355803,0.3312478451495042
781,1.4001766033172833,-5.296896024225498,0.9572492736351351,0.37849088676107245
782,1.8957074660643238,8.163239021780976,0.991328793665871,0.19311672884382244
783,-1.1703586050027988,0.634852349496148,0.99657734184184,0.09367894994556362
784,12.191087215783682,-1.5542499992689205,0.9946012888643398,0.07901494208000501
785,-4.581824003967344,-3.61878224104632,0.8866939424549002,0.3210889484990566
786,4.631215432803619,-2.8152200289472926,0.96024603502082,0.21940533829871292
787,-1.3870090428398405,-0.2448216948014892,0.9765808882733459,0.10341504339064303
788,0.7018927033735967,-0.47524258706532585,0.993797290126123,0.05050307540201086
789,0.4017032971522978,-2.15076800698165,0.9805876408088049,0.055055223267005265
790,14.827603826388376,4.97470780577685,0.9956850986399938,0.05926946553031075
791,12.878463417125552,-4.287042794462543,0.9862875984861159,0.1847063682109977
792,-4.903571271642781,-3.185087682747637,0.960025089418971,0.1527968447960329
793,-3.9791915919223384,-1.4958985461026328,0.9698909657381097,0.3690089226695968
794,-1.8086842831570373,1.6021669507279643,0.9878563100820468,0.12269983133607877
795,-4.943640605227322,-3.6198524314563656,0.9912719848572654,0.10895770889355903
796,-2.788934297912994,-3.110454406896045,0.9258721537787516,0.1873788827156416
797,1.4713774935041952,0.9769685481146038,0.9840014547606273,0.11856505366421907
798,2.8469604981975367,-1.7678385513680723,0.9863553028252875,0.08317837804960299
799,11.097730401250452,9.924810457387427,0.9743739576045523,0.19486672267318894
800,-5.79797515122421,-1.6903340284878876,0.9976304944561479,0.020714227286699423
801,-3.878813230455089,0.025725592676892006,0.9910804019138127,0.08777856033739942
802,8.13206016400962,17.97604060160144,0.994503931385979,0.07192474269141227
803,4.8361476743178935,4.064992711653263,0.9961058668843545,0.16817472143358653
804,-7.543999289770784,-3.9378673592031275,0.9644862245639914,0.6737456687118304
805,-3.4398491170064545,-0.790451579209301,0.9881307957249906,0.09903853369653591
806,-3.307631607804158,-3.441232431378248,0.9385702474034512,0.15606249637377173
807,-4.499970249502561,-1.7228042084997557,0.9902869022428202,0.039263127130827566
808,-3.493773218645374,-2.6793128483804427,0.9850704346457166,0.08328257050176029
809,-5.411105957540983,-3.1012329153839464,0.9512610919106638,0.1521282513259606
810,-3.355467221195674,9.319582861224665,0.9799328811772824,0.4545061730038198
811,-2.38712264945387,-1.4396677834971552,0.9862197461343825,0.049754382422815754
812,-2.55498775600673,-0.8584018007644243,0.9463134597679936,0.7297173312296892
813,-3.107186715133883,-0.15889153225264252,0.9522480387362463,0.3041440987854172
814,10.825257058792943,-5.074329867864385,0.9926501238941665,0.28063151933630837
815,-5.25994107473844,-3.9603890920164817,0.9651122543981657,0.17779578481042332
816,-1.6803544499833871,0.060210295819363324,0.9870016203175483,0.05671539841608554
817,4.380084787364282,6.1612582876319255,0.9555678696783942,0.3659609039511633
818,1.5885773755857047,-3.8963615116038945,0.9590422104212876,0.11275422318596867
819,-5.467346248611212,-4.456678481415352,0.9462846216607835,0.23011757991228204
820,9.897996783544272,13.774270990960504,0.9935634782129062,0.0692928613611837
821,-1.823749178977062,-1.8646509293417086,0.9592259000462459,0.1424622168428862
822,10.424476983043238,2.91640628635664,0.9924690092368015,0.06096120335827338
823,9.644055026475964,6.942174123775542,0.9842432618278925,0.1733809420249869
824,4.03435821547337,12.719485805083712,0.9952121476249038,0.1235541097321064
825,4.353722469763888,-5.375466871023809,0.9744940115850184,0.10615855776149792
826,-5.830358796333699,1.243790443555386,0.9831002602750852,0.11776702705704307
827,1.5583709184422387,-2.6348963009058997,0.928160294187686,0.13956304501661607
828,-1.7013561182485528,2.8189187958489352,0.9885929656635215,0.11947426276800052
829,-5.527549259906197,-3.052328443479255,0.9304729515120194,0.23051925247289098
830,-2.2537200021486643,2.313972454941424,0.9921595868999293,0.09708141280863791
831,-2.3276543317819054,-1.9261232822350074,0.952194427609187,0.24757203323458774
832,6.575606028183738,-2.826480747843878,0.9806305770602062,0.08447599056423813
833,-1.6420902841235527,1.2977976642271258,0.9698529792422214,0.12239367811229265
834,-6.1652008435404815,-2.2575256773074277,0.9831427069867502,0.0712949153383769
835,-4.32992440118664,-1.745945416859239,0.9770920361670015,0.1794788414505582
836,-7.724267293379289,-0.5603621493841437,0.9951615814855931,0.024028452711919637
837,-1.8352507072120772,-1.6881890951635148,0.9644101185104197,0.22003562553657713
838,15.732894771847143,-6.480203605705608,0.9787178767046312,0.5682616457249622
839,9.049943977137971,-11.137565583597553,0.9418508717427083,0.3980467207862557
840,0.1436182310386478,-7.6173182145338565,0.8780951255192068,0.13786494648205055
841,15.285382062573092,-6.404011137785645,0.9874253318474873,0.20030684369952437
842,1.6549093095641814,-1.485260314591092,0.9696734280327051,0.18480072683675816
843,-6.098778622417595,9.761178598413304,0.996171362325231,0.05695218583351069
844,-0.06552976547557066,7.5857213323469015,0.9880589463969708,0.18601756764946192
845,0.3828529783629069,0.3315198435136306,0.9768009645504332,0.09384163304931054
846,-6.558336004670386,-3.5290288266716763,0.9823580789867534,0.12860245797343095
847,-3.9831222257657086,0.38757490179101417,0.9925513287880411,0.08850729389596003
848,5.168447842320879,-4.813705127270118,0.972124641244599,0.2622600846305846
849,6.008101016751611,-4.704529147352595,0.9821516128040103,0.18273880449227098
850,-3.6132247462994167,1.183938405012956,0.9895303479336706,0.5711573398846217
851,-5.601182421153299,-3.932490165154236,0.9619123544612613,0.14397142775126104
852,7.999418457932216,-6.47431344186557,0.9642598322254287,0.3437091199553768
853,1.0787915118749418,-1.9066201617748342,0.9702762297635252,0.10805093060851481
854,0.30274841450059586,-1.414614817557883,0.9952333648329247,0.06854860379931556
855,-3.413727455575139,2.977741094096811,0.9733959985504447,0.15895148412991894
856,-3.586430138975614,-2.763423933145042,0.9167834547925434,0.2185124542576441
857,-3.309214559175381,-0.5928172811369619,0.9803477410071113,0.30924602833626363
858,1.5095674257030725,0.4538406410820528,0.945666372319568,0.42471347061326453
859,-4.762131717651049,-5.03271464168918,0.9322785599566856,0.3542538163387436
860,-2.8156709102979276,0.9293820749449857,0.9885560882386046,0.2424632963302462
861,-3.439959558637938,-1.8167988317693569,0.9310660802274953,1.1253344903913651
862,-0.36057503796420676,-0.031505512333685814,0.990593293113963,0.2666782609842927
863,-2.3232237248382765,-1.7634629164038387,0.927664010039932,0.2356637814017395
864,2.90278029698751,5.2666995182041365,0.9843505054438227,0.08530300755882772
865,-0.3569353121792722,6.299635794020871,0.9940444859761339,0.14992475875739067
866,1.4930830672694881,-3.1319701245535496,0.9855735102246084,0.09575318772007166
867,-1.6866672116164276,-1.9872973260409061,0.9669857826423182,0.1512014791440338
868,-2.3007848521442598,-1.3674553372118257,0.9819920896461828,0.06385463574559372
869,16.474951538281804,9.417014128774245,0.9947984113213707,0.12482732696380414
870,-4.765664769433545,-3.309997982042006,0.9725260810274549,0.13641390220792338
871,6.613700461260232,-2.9565476818368728,0.9667151713757688,0.5680336446929576
872,-3.039750203818582,-3.433162800935867,0.9438398717831838,0.2480241156767755
873,-4.7715203383118485,-3.810603829477751,0.9982558212458258,0.06220410664521584
874,4.108893143054892,-7.259189596376389,0.9706099536152369,0.6243192226218931
875,-1.3717979703787835,-1.683040357885634,0.9680377807930691,0.09993936440550422
876,-0.8030364774873657,-5.05035771476726,0.905284627833886,0.1426687808643083
877,3.0075069310120357,-3.3183790032804668,0.976979724496475,0.05699028124265848
878,1.3046006229653124,0.3958846244379668,0.9602166495415821,0.6343549717896958
879,-1.0732908894587514,-0.4321403581069614,0.9961093022823182,0.04203387990779897
880,19.72064863640934,10.988697703090601,0.9970930822058158,0.07315377003940461
881,-0.285983289497608,8.322671364236035,0.9932125196444406,0.17411287011309942
882,-0.4698843745695309,-2.5472290756244993,0.9289328837808969,0.3126223967724556
883,-5.780151640300144,-3.727651302652766,0.9836954442626812,0.0691650617057101
884,-4.726033233222315,-2.4623871750235278,0.930998338527911,0.5883319621295869
885,-2.3857563223678975,4.648424862642441,0.9855970708801414,0.15072126672876146
886,-0.329184725505276,-1.4961577171263896,0.9727693064373213,0.119598128915332
887,2.39335138841923,-3.792260127078874,0.9806726724496269,0.18755097323517855
888,-3.3802826309508953,-1.1102195128571033,0.9641842928367517,0.08892232728708145
889,-2.1202125225302177,-1.0966809471142591,0.9384096216217587,0.24058207181840224
890,0.8262452349033564,9.685772370511623,0.9907523007270029,0.3520277441220853
891,-3.113097152838707,-1.644677322472555,0.9708507292189115,0.08482896867004243
892,-4.301946826041796,-0.49446151105192193,0.9385187131605857,0.23456071710205403
893,-3.6375729083409665,0.022204504608827946,0.9956749155335658,0.09010437096813703
894,-7.9484280723139475,-6.293383078696568,0.9543503217779836,0.3825055346542828
895,-5.997850807520008,-1.8133876979512848,0.9813342816353676,0.11763410129555295
896,-3.9359586780456683,5.521223693751805,0.9884336982036455,0.1283786395440224
897,3.2431918517038953,8.93548561782706,0.9871151412270738,0.10150283306735802
898,-2.987694019772092,-1.6315921157929165,0.944522393946171,0.1898641494462865
899,0.6298892117306547,-5.275386667181865,0.9570579501908837,0.21814541795365766
900,-4.359239931401161,-2.540392144217098,0.9533053127990038,0.1253666842324195
901,-0.17788863154975276,11.331364555698785,0.995470187172242,0.06109416150362141
902,-0.8837521222005029,-0.10210485265367986,0.9890295649863353,0.11611412254352974
903,-3.6096175347507797,-2.2943620556541253,0.993845207827259,0.1006110037024207
904,12.766087652796504,-8.17483947053933,0.991081511940016,0.06282595781334897
905,-2.4724479215509465,-2.5697619991788816,0.9237785582070596,0.9696721078326865
906,10.907859721791805,8.121116589790732,0.9958887237840798,0.10307943304220316
907,-0.45181936997326577,-1.773975820867577,0.9097441532530991,0.40987403763069885
908,-0.2950957959061773,-1.8151050360527874,0.9636235531427799,0.17967704258000275
909,20.240265601672892,2.5119849416936653,0.9917624349577527,0.17306098530518182
910,16.933872298627122,6.847560521981601,0.9917366131365947,0.12446518346780854
911,16.34578430267578,1.1957170132799657,0.9812028468355573,0.13234431769987653
912,-5.181736436610011,-2.215952647973509,0.9869039890209435,0.07737788088269126
913,-4.193289203802678,-1.4335932915007215,0.9923122643495768,0.04696995115192847
914,-4.830665620897752,-3.8443829236909535,0.9751663833658327,0.08811458629374985
915,-5.597880218672735,-3.7281002462967,0.9909132222377869,0.0467713634947534
916,-0.9394753186227733,3.122894854510366,0.9975724521013829,0.020745691865379924
917,-4.444204801664993,-3.6445111572766917,0.8703780069167115,0.6718508709146236
918,10.662765207926412,9.24694196838083,0.9913608006667339,0.10970572229636165
919,3.4053424136806196,-2.0277741483987,0.9716065210199195,0.66645205709252
920,-6.257401835780183,0.32844430767702715,0.9861341033421709,0.11676242178955534
921,6.768848858416281,-7.351083836870749,0.9846287129066549,0.1810207318073176
922,-5.522332670008685,-3.5191201101992435,0.9899854803896688,0.22645500637722787
923,-1.7420478991808013,-1.9519392088519738,0.9779836435651089,0.07924717289164532
924,0.6314848367210093,2.91621473358431,0.9937002462100746,0.07534618694844354
925,-3.15272549918853,5.7712125251523965,0.9801888621258654,0.09031560663086356
926,-5.764077676509721,-3.1600441946841595,0.9483084054267741,0.2383926791690184
927,7.116186613801884,-2.390385933137819,0.9820102681048931,0.2730517786517804
928,-2.5336826776004493,-1.5214132690466364,0.8727776375780582,0.5279064898071838
929,-2.739862812271122,-2.2649299421411877,0.9290248819760467,0.29095989520753635
930,-0.7494231116028529,-0.988863664195776,0.9768706468059428,0.1191586500222554
931,-1.6005182157880933,-1.9244395741866702,0.9546176097423891,0.28546151708557044
932,-1.807952186352504,-1.8693574785993712,0.9779221712592081,0.07508391048734049
933,-5.629909863187514,-2.11110588413672,0.9559229945377926,0.16741075040815653
934,8.169231507399754,-8.902295657013006,0.9867983094385554,0.06398786381023465
935,14.031296761418552,2.0906044570557025,0.9817093680633248,0.18777508015665592
936,-3.3991908377511937,-1.6280006607445117,0.9118270623584914,0.26543281911794797
937,9.797403152023172,4.858589253941968,0.97805012110953,0.16908207210099713
938,-4.95290331182338,-2.115382490949032,0.985767942127091,0.061199654915802655
939,-5.701230397952912,-2.4590539116236,0.9952317994704392,0.08167180837916849
940,-1.660093324377534,10.940708955338227,0.9857508517685374,0.16611961852412097
941,-5.944837678680336,1.9034271311482822,0.9922581451718483,0.18656843619977542
942,2.9021157015147336,5.357880828789247,0.986734527822105,0.1513095445581925
943,-8.428124617172456,8.899066939151245,0.9955685849162903,0.06101494787488907
944,11.297230568036536,6.276534682051549,0.9911540755483571,0.059680303136901265
945,-1.460174542477656,-1.5581718497335846,0.9461302923512475,0.14373135799781347
946,-5.543699522482303,-4.431070079441117,0.9295986468194574,0.3483044002600989
947,-2.5209582135639095,-2.6917438448374735,0.940756805739555,0.20015559401835026
948,0.012698453618459116,0.04148482804363418,0.9916544904385944,0.16813870987273705
949,-2.8261725249791922,-0.4682807512056142,0.9663424981404736,0.22494002852439274
950,-4.346736690827892,1.2215154207427572,0.9845478167049279,0.10350838596808429
951,1.604780245517948,0.8682198995666628,0.893333712780616,0.5447168238183713
952,-3.0646726468174688,7.468095072123656,0.9917598794626,0.20175466412500942
953,-0.6042017528286541,-2.5876196468716444,0.9358302917573993,0.3770660539690504
954,0.14479684890932454,-4.969270739124621,0.9669613192556549,0.08702457535138855
955,5.115290164276712,8.65398540466901,0.9934140258565963,0.38428333021394084
956,0.0382027488038128,-0.9544673453309729,0.9810359766793207,0.10010888487676962
957,7.788247731267135,-4.986600041782606,0.9883499156302518,0.056407128614426524
958,-3.452125027238296,-0.7771605580811975,0.9689707517572305,0.1352978707555087
959,-0.3080928758070405,6.52301542098272,0.993517039112306,0.10323501905189543
960,14.23487523073161,9.023415532079218,0.9786028856287345,0.1955288311990077
961,-4.304047748161856,-1.215863380509811,0.9934783326501608,0.023793647830557096
962,-3.4953340838303815,-2.4131653084381464,0.9738903846495094,0.35170101734258297
963,-6.7006763739263215,-1.532965410526332,0.9656793598557667,0.15187693201338084
964,-7.289960660596646,7.944545237027375,0.8784854107844594,0.7782217208307082
965,2.4683587523448267,0.6182067189447329,0.9894930118628975,0.08792611679834501
966,-0.9574585408363911,1.6259492193435623,0.9638974898596898,0.1880308946365196
967,-0.8972424522733886,0.3545834820636058,0.9862793422181684,0.1353441317405015
968,1.9251490558457123,8.964953330834978,0.9977064170571638,0.06978569672304477
969,12.204206663241816,1.3182763917086877,0.9928087335202839,0.14551220977100005
970,-2.0260102537537223,-0.5583200160781434,0.9900595058760435,0.07927262111901734
971,3.5262801026908113,-3.250268932011103,0.9559276597743589,0.25798003625111154
972,9.267432829495519,3.904649734908192,0.9846430329300039,0.22546878664593056
973,3.5943190488616397,-2.0947877890943984,0.9891264738706592,0.16881584709028186
974,-8.352306699683542,8.21754698253175,0.9936137788472418,0.07301422057870459
975,-1.8651422635049828,-1.482343335732216,0.9758513691614511,0.19857675376013176
976,-5.351029311038869,-0.05209310220824115,0.9899864220424817,0.10146351382893413
977,-2.7809781053991602,-1.100633946487501,0.9856060046764756,0.22076402923496977
978,-4.339375161525253,-3.8910461637035434,0.9364879729094532,0.2449063466897519
979,-2.9427070088637914,-1.7205187862961306,0.984894499146922,0.19933054375285644
980,2.560997970499911,-2.1236618885733964,0.982982395235353,0.13692981340499163
981,-2.557575793075737,1.0867329860375419,0.991570911986736,0.08727274019046795
982,-1.3036690088062093,-1.7200609381157745,0.9522690400254584,0.1910396703680686
983,-1.7602879182501352,-0.41851866439891605,0.9910309205402885,0.056374564378041475
984,7.492213903653103,-0.5357831995727045,0.9460027194830423,0.2765663828936351
985,-3.2954878283021096,-3.5903210455013372,0.9733013545773919,0.30275929654536843
986,-4.477530141568907,-3.3492116999787296,0.9880542823711651,0.040837693289866556
987,5.505534130761711,-0.8874922616459262,0.9792213716353636,0.4841625229814197
988,-2.659985489886189,-1.000535375590578,0.9828285428931252,0.07068363309537465
989,-1.2637407156900982,-5.053668440499751,0.8859400938354058,0.4425034745618447
990,-5.116034362773233,-3.040277176974279,0.9920852198924106,0.02492318510045424
991,1.5505651748754525,-3.7669820356893684,0.964999316093512,0.10455618529669969
992,4.507005075833921,-3.107429477244202,0.9906250768864928,0.06660818953874027
993,7.757251754809528,5.0679121027401255,0.971281100446318,0.19456938599312149
994,12.164350453633439,-17.910933194102164,0.9809223767843475,0.13510463700680092
995,-5.960898963506027,2.2907694798366673,0.9710023090065814,0.16508195288559394
996,-2.861518767623852,-0.6348809906205162,0.9945355127833052,0.02319192664922039
997,-4.664323832228336,-2.594158182820091,0.973969584126865,0.07593393934993611
998,6.004520641792541,3.6902876724230325,0.9785915792523524,0.16574714324284295
999,-0.1593193473540948,-2.7846534119131654,0.9775371509915908,0.15771308457702193
1000,1.2564541230354012,-2.9419334622093043,0.9631589434905073,0.2756893250281947
