0.0,0.129,0.774,2.58,3.6,5.333,7.246,11.63,13.82,15.98,20.45,23.04,27.3,33.9,37.71,41.03,48.07,56.0,59.24,61.66,66.0,72.2,83.6,85.7,89.8,93.9,100.5,113.2,121.4,125.77,132.6,137.05,143.1,145.0,149.2,154.8,161.5,165.3,168.2
650.3181,650.3181,576.4022,565.80804,551.9083,537.6222,556.3458,697.92365,559.677,536.38666,509.81802,399.18756,375.28864,459.50763,382.73074,287.7592,409.4542,432.74835,288.99045,234.31514,224.6957,251.72415,248.2303,127.51692,126.01334,131.76363,186.38382,117.44683,35.936333,17.488676,14.321918,11.805074,13.286996,15.2697735,25.7674,31.645142,19.92955,9.733001,3.5284557
617.9862,617.9862,483.38013,432.47806,417.33838,446.66486,540.79285,563.04236,446.22366,438.1107,436.25012,352.68503,313.39102,398.78262,321.85013,235.58379,354.70193,346.88403,217.37689,183.00606,189.57126,208.91957,191.90382,94.40038,90.90493,99.83132,153.36266,86.91021,27.753483,13.97562,11.908191,10.519928,12.608273,14.858536,23.2445,27.355959,16.609762,7.9926996,2.9675026
614.24994,614.24994,479.36545,468.99716,464.6561,474.46976,520.1867,579.3225,483.6148,456.90698,418.70703,346.19498,304.80588,375.18423,343.91678,243.60107,355.63535,313.8354,342.4525,279.50027,248.12204,233.32318,189.86873,88.16946,87.443016,96.93722,152.07123,97.713875,35.247433,15.961216,12.753126,10.755597,12.545402,14.438286,22.268736,26.094223,15.872343,7.674217,2.8930264
619.7638,619.7638,536.099,534.5719,532.6666,508.26828,599.50867,599.18286,580.8839,536.43744,485.11478,381.44016,341.9982,423.77026,360.048,265.02023,361.71387,401.3378,275.5156,222.26247,215.86859,230.43835,223.46916,111.591995,108.037964,116.303795,172.29271,107.14858,32.36674,15.741104,12.924176,10.817092,12.102385,13.930452,23.469873,29.062689,18.349428,9.012585,3.3146
597.65717,597.65717,498.7979,475.59314,471.04956,516.4583,656.36774,598.4201,490.14633,456.65067,434.57324,334.63516,308.56293,385.73285,355.97714,258.97302,365.27527,372.5776,256.98273,220.37961,225.13683,243.04929,208.46463,100.27073,95.69723,103.28217,162.13799,106.39598,40.15502,21.80483,19.017952,17.43804,23.568066,25.230116,35.49584,36.462936,20.824274,9.321957,3.202602
629.5971,629.5971,482.38632,463.45398,452.8868,462.64362,508.68884,548.0816,436.12335,448.40414,393.9973,316.42166,284.7296,393.5873,312.4021,225.38033,287.99103,356.23508,239.92532,190.95468,188.13666,207.21884,184.7751,88.79621,86.65718,95.10575,146.25511,93.30952,34.363766,18.574389,16.346062,15.284416,15.460806,16.540424,25.370207,28.508505,17.085169,8.121961,2.9813917
643.25946,643.25946,550.52563,522.39545,491.18442,512.46814,599.94635,634.253,489.34485,489.36264,458.78247,367.04437,333.54675,431.39984,354.83646,251.8207,376.91382,368.47556,376.4866,304.71576,273.30566,251.89195,194.27629,88.85717,88.66995,102.13327,166.90474,107.42406,43.03594,19.454664,15.332443,12.3545885,13.619045,15.338789,25.271736,30.561277,19.163794,9.347473,3.3975887
607.4701,607.4701,503.73975,459.6899,472.8223,474.59424,484.53265,560.96893,480.643,445.37186,428.39774,333.82523,327.41394,391.52307,326.13855,234.99135,345.1068,306.43286,334.17395,273.87012,244.37498,235.37946,177.3106,79.881096,79.44542,88.87765,143.89949,98.96316,43.82558,22.82945,20.005856,14.886577,16.292418,17.58076,25.156368,27.613367,16.351997,7.751478,2.8948305
608.76025,608.76025,469.92838,458.85284,460.21484,441.76727,488.35562,553.23425,455.20636,448.68512,415.7599,355.26566,332.15158,384.15933,322.56033,243.53435,336.86832,346.2862,231.94487,197.96625,204.2722,221.93481,162.02864,71.82812,70.84365,84.75421,148.01776,90.875885,27.03957,13.110958,10.899257,9.220483,10.350998,11.760365,19.451635,24.330494,15.421553,7.693368,2.9481533
640.9108,640.9108,486.66336,469.2525,489.94748,490.6848,515.6083,585.3876,436.63516,449.6887,417.35193,339.0712,335.20352,372.82562,325.37152,250.38118,323.158,355.87433,239.30382,193.3001,191.21564,207.2683,191.58931,94.165306,90.63735,99.06048,150.95702,96.04393,34.05671,15.110725,11.956163,9.791203,10.808444,12.135675,19.913567,24.66146,15.62508,7.784855,2.9652417
631.251,631.251,473.1559,432.30347,440.91452,476.64948,578.6643,506.54272,467.19028,434.8573,406.0781,327.4302,291.69305,373.8073,312.60663,230.45334,335.75623,337.75604,223.02422,187.88905,191.6017,218.5403,178.42996,82.10097,79.90374,90.22978,143.74971,91.02487,32.20939,14.274957,11.355623,9.326033,10.308112,11.524887,18.814447,23.398563,14.851887,7.430005,2.8664823
657.10284,657.10284,572.5884,525.29004,599.9655,583.26697,561.2668,614.2414,495.73657,505.35773,468.68442,390.2255,392.24283,425.5178,366.1515,275.3262,404.51755,421.62042,276.22177,225.4505,227.14136,256.06424,227.00217,111.22542,107.91466,116.76438,173.3169,111.7792,39.748447,17.58004,13.77095,11.14199,12.26346,13.919479,23.303015,28.762701,18.203653,8.99303,3.3204079
661.8019,661.8019,552.4567,502.39804,521.37024,535.63226,664.0408,664.67694,522.6356,510.24496,467.15564,385.46994,345.82428,437.8476,364.18723,271.3421,405.31577,409.1083,269.504,218.53612,214.8153,235.4773,229.23549,114.87936,111.489494,120.03204,176.42871,102.13161,32.50659,16.09275,13.395051,11.318744,12.860679,14.890925,25.178757,31.002808,19.554544,9.584135,3.4692163
596.52496,596.52496,458.76056,451.5541,451.43777,461.56866,490.9857,597.2374,485.9017,448.5683,406.58603,333.61966,307.33707,385.4694,348.3447,258.8377,373.7909,346.70737,225.38431,186.23422,188.38934,207.47874,202.81265,100.37962,95.94634,102.166275,157.17555,103.648705,37.844616,17.187263,13.447463,10.940378,11.968714,13.439405,21.994408,26.84244,16.89924,8.329712,3.1072016
580.7436,580.7436,460.9841,425.67404,445.49744,470.9476,470.29163,546.813,436.37756,403.13037,416.59323,343.97534,303.33417,385.84683,312.46323,228.24057,309.70663,356.70538,233.48602,191.45702,191.86998,207.37766,181.53085,89.78087,87.580605,96.87074,149.93324,85.34502,27.655094,13.977593,11.900126,10.510563,12.570049,14.793173,23.06337,27.099977,16.447388,7.908718,2.9332764
614.7177,614.7177,483.8265,445.64462,438.082,456.67932,520.79913,536.99146,451.63867,427.9958,414.19055,312.52615,297.94818,366.0969,317.652,230.60306,327.0585,335.18954,350.09885,319.90872,279.0872,236.10973,169.7387,76.429886,76.405815,88.52179,145.51625,101.70175,45.49943,23.52918,20.12135,18.322792,19.44708,20.532803,28.55697,30.066864,17.489363,8.113867,2.958666
620.0797,620.0797,482.53894,469.146,483.9583,489.47412,502.291,542.43097,438.2617,462.32166,417.9924,328.82968,337.13132,378.9833,323.6002,255.41968,313.6781,358.66956,239.173,191.35591,184.88252,204.5504,191.09642,94.38682,91.61754,100.543884,151.61441,106.00176,46.512886,23.396433,19.52711,16.775587,20.518991,20.999105,31.44822,33.587086,19.773756,9.083301,3.1737947
598.64136,598.64136,461.90518,438.0617,435.577,443.63162,525.473,511.94696,498.58514,459.35968,393.6776,345.7031,332.26584,379.6325,323.20325,247.14157,309.60413,349.66953,224.22726,177.57693,173.28946,194.98386,190.86877,94.04317,90.67135,97.964096,146.1718,93.14157,34.78355,19.118767,13.715882,10.903331,11.703538,12.836216,20.564085,24.822432,15.554573,7.690938,2.918292
622.5795,622.5795,536.0278,505.97092,549.9581,542.0548,511.7058,528.25183,533.8994,531.92206,476.8016,367.63733,334.76962,403.86063,344.92514,252.47627,342.3921,377.58835,394.65802,319.7152,276.6152,253.29163,222.25575,111.21173,111.43977,117.785965,170.54498,101.334236,34.200195,17.388723,14.597697,12.666813,15.277887,18.074423,27.986435,32.379787,19.547337,9.257845,3.2982025
639.9758,639.9758,547.75446,507.94302,502.5476,536.8045,583.0026,658.33105,588.77734,536.94714,462.4341,383.224,374.3385,431.18112,363.50455,264.32626,366.77652,373.2057,402.21878,323.28146,290.00662,266.5204,195.23064,88.87997,88.87529,102.48633,169.1339,105.67924,32.396072,15.892765,13.199914,11.452824,13.734235,16.250473,25.539572,29.979649,18.215645,8.711863,3.1887517
632.8448,632.8448,543.69904,533.2064,526.03564,575.04565,634.9228,595.7755,503.1699,497.35245,487.2776,377.49573,339.23697,420.1097,358.083,261.97055,358.11792,376.01797,386.6804,307.33075,268.80453,253.67883,235.00914,119.00567,116.19127,121.53532,170.49124,111.770645,42.543617,23.530525,20.659155,19.08197,19.475,20.875353,31.879162,35.214176,21.173693,9.901345,3.4373078
580.3365,580.3365,453.09726,431.98392,437.3373,472.23932,500.40988,507.07275,431.69022,427.34497,408.90146,338.52094,289.30228,359.54822,305.0804,230.85234,359.13086,312.06216,206.8538,174.62886,175.22466,203.20506,176.48819,85.56825,83.318054,91.65867,142.02922,89.07686,32.355427,14.379847,11.4490595,9.403547,10.37573,11.583687,18.823875,23.291183,14.761485,7.381074,2.846763
596.3489,596.3489,463.13184,437.53592,446.26416,486.11508,504.8186,537.53766,517.05334,468.30408,435.13315,373.56308,314.48413,376.98105,313.46017,225.56065,324.7431,330.31406,326.04077,256.5958,232.84212,216.47272,190.0872,95.85486,93.20498,100.654045,150.86597,97.35215,35.038147,15.79936,12.495357,10.211106,11.239717,12.620437,20.666567,25.398466,16.050358,7.9470787,2.9896996
588.2949,588.2949,477.41785,450.3128,426.71024,464.83243,509.4219,571.9588,448.58267,429.64816,408.2037,345.8688,314.73413,403.36108,324.81592,247.07344,359.57953,347.14374,230.14012,188.09517,183.21185,204.48582,203.31773,102.14237,100.1976,106.635704,156.90404,96.84131,29.835104,14.699415,12.333716,10.708825,12.710411,14.869178,23.171528,27.148348,16.465826,7.9142094,2.9530423
637.34753,637.34753,479.78506,469.67383,485.42273,520.60535,519.1987,518.68604,492.17044,474.02832,444.0232,317.9007,289.7195,379.2726,347.08896,256.17627,339.1763,324.05508,335.14355,274.4583,254.90874,236.78636,166.12308,71.38228,71.0543,84.51819,146.29507,92.77535,33.735455,18.122406,15.999708,14.972466,20.46088,22.204184,31.528122,32.689434,18.575,8.383497,2.974398
595.54083,595.54083,493.3931,472.9979,477.167,480.20892,581.21063,599.81573,487.51233,479.505,472.09177,347.9536,313.87683,395.04538,339.60074,260.14252,390.64465,368.9325,263.2858,236.51994,223.03714,223.16388,206.15703,102.62672,99.94245,107.413086,158.34004,101.64031,36.798542,16.759655,13.353593,11.278022,13.211189,15.29278,23.657597,27.668274,16.824667,8.100971,3.0118108
583.7455,583.7455,476.9814,436.45114,444.06714,472.43726,589.7875,559.80054,435.6538,455.0002,433.02908,323.32742,301.06128,407.27832,334.62524,256.38632,303.89685,326.0342,358.39972,294.04395,257.90567,235.78455,176.48547,78.571205,78.89955,90.637085,148.89276,107.19975,48.304623,21.111603,16.19937,12.446718,13.220253,14.382011,23.092386,27.506638,17.151018,8.382235,3.1119986
617.6984,617.6984,490.51132,483.08798,434.91736,461.439,482.95667,576.98425,455.817,461.65558,440.54672,348.47333,309.87796,400.57898,326.69687,250.87936,367.3794,353.55112,241.6493,207.53749,210.63835,224.25604,180.64113,84.92362,83.36487,94.76897,151.33109,96.67955,34.291874,15.245672,12.030936,9.841082,10.857092,12.199835,20.045591,24.869818,15.7623005,7.8517895,2.9827514
629.0652,629.0652,486.88104,443.10025,431.67313,450.02707,533.51215,572.5739,438.70514,430.38657,391.10962,312.2687,290.7852,360.43747,326.00162,231.87291,329.79077,359.2832,243.10097,195.919,186.38776,203.88918,179.69029,88.28816,84.900764,93.13386,151.92961,97.02543,30.746744,15.149664,12.422442,10.38772,11.573018,13.143141,21.612528,26.449675,16.633047,8.19054,3.0520368
575.84686,575.84686,478.4261,455.8562,450.5802,457.6349,550.0704,621.27734,483.68295,462.11844,467.18243,365.50937,321.895,379.68155,323.23218,234.38751,346.09067,356.28964,247.15756,210.59837,213.39923,228.8545,191.29153,92.102486,89.45611,99.646,153.90793,108.51683,48.544815,25.09996,21.626547,15.434307,15.89234,16.764132,25.79238,29.411263,18.00477,8.660352,3.1625552
626.73804,626.73804,490.5127,475.82703,471.54904,478.3084,479.55078,539.1363,503.2932,434.4329,402.3828,339.93954,305.0664,387.36386,343.76834,242.03258,334.416,313.39255,333.5295,287.25504,270.8255,249.33763,179.4635,78.71631,77.932816,90.024124,148.47679,104.64262,46.31646,23.36048,19.504652,16.764389,20.506514,20.973125,31.373638,33.510838,19.72157,9.046821,3.1626391
656.78754,656.78754,519.4431,489.1697,502.56204,481.04114,523.74817,599.9475,507.4586,497.051,458.08163,359.13327,328.61584,401.91202,341.34772,246.38757,381.0332,362.70294,237.61743,198.98627,199.63768,220.79295,190.12767,90.90827,88.69155,100.61674,161.15248,91.74964,28.803337,14.190261,11.902326,10.157467,11.494983,13.257027,22.240765,27.63881,17.477627,8.631534,3.2111168
647.4563,647.4563,520.4785,490.1142,485.61597,481.84286,530.96436,617.27466,498.24744,471.43304,435.37488,346.58273,309.84488,383.71408,356.3099,262.07062,369.44775,377.92697,251.09117,207.74106,207.45021,219.47995,209.87215,103.34345,99.45614,107.619705,159.0448,99.886246,36.066605,19.250006,16.91842,15.776388,21.639551,23.492596,33.45535,34.65723,19.739565,8.878062,3.1023602
607.1653,607.1653,486.77097,445.67377,470.83353,501.94983,525.41626,555.40076,460.5453,421.3235,409.2339,345.43338,314.11203,390.46228,320.19687,237.41226,340.9379,296.59305,308.71127,254.48015,240.95987,234.42567,215.74411,109.3268,108.404045,112.873795,158.78044,115.30849,52.31412,23.10828,17.772985,13.63202,14.370165,15.635895,24.855692,29.263103,18.185143,8.818172,3.2059226
645.04095,645.04095,502.46814,472.24628,468.21094,487.0916,532.1094,576.24915,511.7992,487.68265,445.2163,327.9446,301.51288,421.07205,334.65424,240.93057,340.2313,366.04068,240.91765,195.22989,198.5323,215.29056,207.01898,105.59126,103.456856,110.58765,158.8299,98.608955,38.95562,17.476032,13.830665,11.34072,12.442952,14.033365,23.107225,28.14052,17.682068,8.669508,3.1964874
614.2763,614.2763,498.40103,470.9665,444.12994,448.16934,500.49478,566.8225,456.74,463.1197,423.7901,345.16885,342.5662,395.39203,330.81128,245.76717,336.06696,326.8275,356.76254,290.29358,264.4756,249.94249,184.46355,82.056,81.88201,92.8932,149.21417,105.644135,47.53163,24.436989,20.696306,18.252615,18.034737,18.80297,28.174534,30.953722,18.593185,8.767304,3.1450849
666.22864,666.22864,578.0847,555.4087,540.6179,534.79645,617.6843,679.5937,570.7752,533.37555,503.61218,382.3869,344.0991,461.03387,420.9342,315.9658,386.98627,441.7825,293.1449,237.45296,235.14682,267.05133,214.37027,98.57301,97.32401,111.05923,175.91824,122.98114,54.08076,27.046171,22.762178,20.184912,19.929146,20.91266,31.824078,35.05531,21.124712,9.920119,3.5213132
586.34607,586.34607,470.28757,452.64255,445.81973,445.1561,492.1798,585.59424,508.832,501.67987,453.4172,386.5451,335.00974,388.15247,326.34592,241.89032,352.30765,351.0942,239.73459,200.69786,199.8302,221.80602,188.0326,90.83165,88.45778,98.21295,152.46376,109.257904,48.914795,21.350672,16.34984,12.575055,13.347106,14.514681,23.283314,27.706427,17.276573,8.4448,3.1234212
622.3028,622.3028,471.96454,433.28436,440.32742,436.8107,511.37537,586.0837,436.50934,408.5129,419.15802,311.21066,272.15222,347.95978,301.008,215.09026,311.69278,350.21454,232.04797,192.94153,197.79413,213.35661,182.55405,86.78559,83.35562,92.37133,141.8719,97.12374,42.620564,22.153261,19.326584,14.384843,15.744793,16.922602,24.193933,26.54103,15.736717,7.478073,2.8032277
630.2529,630.2529,491.08395,441.7491,427.76898,454.7963,464.30057,568.28314,527.194,450.0299,424.2946,357.24567,299.0813,408.06168,330.33603,244.73279,358.6569,319.06256,331.86673,264.21597,240.46599,223.52577,206.03119,102.070496,99.7455,106.4865,155.1646,111.94473,50.683323,22.37797,17.242487,13.252507,14.026456,15.252207,24.3314,28.747986,17.873737,8.681292,3.1727977
580.09454,580.09454,495.59067,486.22336,501.13058,503.7754,578.3471,528.7025,506.33994,464.89487,430.616,343.189,330.97507,378.7344,326.07852,246.3422,382.8252,319.47827,334.93027,286.44217,260.8138,245.67072,185.05728,82.69959,82.326584,93.84122,154.19717,96.236855,29.838434,14.765089,12.37049,10.7624655,12.826132,15.084539,23.576841,27.658905,16.804375,8.068834,2.9830651
601.43744,601.43744,467.99152,452.06406,466.4472,483.79367,550.9171,591.35645,457.76105,448.1344,422.133,332.73114,300.18167,409.6474,326.53708,225.89874,326.9182,375.76636,253.18578,212.52905,215.1117,229.9111,180.76929,83.20797,82.04186,93.114426,148.90842,103.23663,45.205276,22.742102,19.102335,16.8917,22.07912,23.198557,32.207214,32.95317,18.789806,8.485411,3.005527
640.02167,640.02167,484.11282,483.03653,487.17868,482.63898,569.97687,603.2332,465.70154,457.97943,423.985,334.49792,343.94476,384.36783,330.02728,241.74109,362.0291,360.08124,238.32838,200.2492,202.60602,214.89139,164.29886,77.571335,75.399826,89.152824,152.74495,96.83547,33.670326,14.715036,11.6405525,9.548782,10.5526495,11.84656,19.472195,24.2847,15.429245,7.724041,2.9693117
616.95605,616.95605,473.35043,430.46872,441.55112,486.67078,513.3857,548.4907,481.69672,434.53778,400.5736,328.0331,329.13052,370.51373,317.9679,243.36441,362.29047,343.02847,241.68587,203.71875,200.78598,221.76617,167.73723,75.030876,74.77416,87.342155,147.60301,85.5581,27.6276,13.740119,11.49927,9.80427,11.077946,12.672855,21.012457,26.014994,16.44334,8.129256,3.0568213
606.2478,606.2478,472.73602,456.58087,481.07037,451.1462,511.4005,544.4299,499.4938,462.595,408.92786,327.75394,324.92908,358.01624,309.6308,223.18033,322.90195,345.2422,228.20113,198.84949,200.95934,211.24037,178.05383,86.00385,82.66453,93.01507,147.1948,93.939354,34.697346,18.973654,13.558826,10.760135,11.548865,12.67669,20.351013,24.631329,15.454777,7.6496563,2.9102323
590.65356,590.65356,488.07617,462.90527,479.5927,495.39557,563.7151,575.1074,450.0213,459.5085,431.84915,329.6693,339.73636,381.78885,327.02518,241.79375,341.98804,388.30533,254.56606,207.79372,208.08762,223.64903,202.63963,100.95346,97.48655,105.39403,155.8962,110.01091,49.407288,25.598743,22.085032,15.76268,16.228924,17.128002,26.334026,29.987688,18.339123,8.805575,3.194714
629.06573,629.06573,567.2496,560.01715,549.0824,525.078,609.7255,680.25635,576.852,530.0505,533.40027,447.1484,414.07294,463.3171,387.1106,276.23395,400.2783,380.05368,399.55963,325.34912,297.2801,289.61142,217.59534,99.709175,101.34343,114.17084,178.5456,109.91864,32.886192,16.020496,13.356833,11.576216,14.001551,16.707676,26.509092,31.31802,19.091898,9.147309,3.317881
602.2952,602.2952,457.505,450.20242,449.9142,458.12936,519.21014,555.41064,443.78287,437.48993,398.03302,311.12283,294.58524,377.93204,314.3667,243.00754,361.21936,325.36795,226.14003,189.91925,190.15437,212.69048,170.22878,80.146484,78.3155,90.01545,145.48872,101.29835,44.11314,22.056826,18.392454,15.901228,19.409916,19.905945,29.820402,31.999744,18.815666,8.6749735,3.0757785
642.1063,642.1063,484.86243,440.41977,441.62604,445.2731,509.116,557.7598,438.85928,430.9741,414.14716,312.67242,269.59845,364.93848,332.70358,240.62921,322.88495,349.4121,227.01315,180.71642,176.66261,195.56807,189.31764,95.97016,92.499016,99.815216,147.24107,91.34091,32.970757,14.615699,11.624149,9.554921,10.575586,11.841951,19.347641,23.984133,15.209351,7.591713,2.9131463
612.5223,612.5223,488.09155,460.82462,470.74307,473.8424,555.25433,599.48517,479.93158,451.60974,445.9906,343.14337,312.68842,389.62302,329.40125,249.39743,353.51086,360.3637,228.1362,191.20757,200.10158,221.19107,183.7562,84.80885,83.73231,94.28763,149.92957,96.48709,35.831394,19.666502,17.833204,13.212535,14.058436,15.106899,23.795912,27.682852,17.007538,8.228977,3.0478816
634.7955,634.7955,489.59274,461.0581,469.5883,479.02612,503.09247,534.34265,439.22833,415.97595,406.62976,334.05444,321.5861,363.97327,313.27847,233.50113,331.68567,333.30356,216.02106,184.14229,196.1539,215.78069,174.78195,81.22717,81.53334,92.62729,145.03978,87.50224,33.95027,15.351305,12.425617,10.587387,12.376918,14.224825,21.878252,25.590742,15.54859,7.516346,2.8485234
639.0269,639.0269,544.3284,526.0726,516.9957,531.8433,515.9432,640.2292,532.55035,479.05066,468.90707,396.29337,334.11655,412.62924,382.06476,275.4692,393.78586,384.71237,262.8889,222.29898,225.96074,243.5291,232.60048,118.02381,116.62823,122.57554,172.97021,122.86248,54.707798,27.385937,22.868322,19.424458,23.751488,24.248863,36.105385,38.282738,22.565945,10.319137,3.4932818
607.05475,607.05475,461.98196,450.49493,461.3651,457.58963,560.8843,565.7445,507.9639,492.25836,454.79044,346.76328,298.65518,353.83374,316.0976,241.59737,341.74445,309.01035,324.91602,263.39307,245.07225,242.15753,179.23398,79.67425,79.10891,90.65706,148.75053,95.09837,38.244827,17.472689,13.787687,11.292023,12.3494215,13.851,22.592821,27.357101,17.161747,8.41243,3.1159134
598.24774,598.24774,491.8096,463.9743,439.2689,428.46985,471.09998,549.12915,467.60544,454.93277,420.50122,345.35214,294.6601,355.05963,340.45184,255.67422,349.40442,330.3692,374.14615,346.30423,293.5379,241.20366,203.58664,101.830635,101.81784,107.249756,154.20456,95.1848,29.818895,14.977224,12.612501,10.988762,13.112574,15.419832,23.965128,27.985577,16.943308,8.101784,2.981689
646.14435,646.14435,560.26044,534.4435,519.7979,543.5162,603.55884,595.09973,570.54535,509.44476,492.57556,378.7442,345.11572,442.4087,356.19116,262.58722,379.61493,383.96637,261.19513,227.7777,231.0801,236.5358,217.31773,108.35971,105.81233,114.57491,172.6845,107.197845,32.42882,15.795963,13.13325,11.357839,13.583182,16.035534,25.18783,29.611929,17.97857,8.615324,3.1618276
674.51263,674.51263,544.7806,475.03983,461.92148,503.97873,604.6972,617.972,457.83527,469.09824,462.62643,374.21503,362.03934,400.4731,340.55658,254.79134,355.062,382.52753,253.68613,220.42238,226.62695,237.35724,222.07188,111.75403,109.078926,115.27384,167.9791,104.54111,31.590405,15.314806,12.5780325,10.509199,11.731813,13.461551,22.53427,27.862606,17.58502,8.675294,3.2143798
604.3743,604.3743,464.16214,465.35892,470.85156,489.37875,512.0668,537.41473,431.58542,427.76166,428.01688,330.71875,304.27902,396.7591,318.86346,233.56824,337.79498,299.16315,324.3052,268.8246,248.72705,232.74545,195.69754,94.49491,91.76287,99.72383,153.03839,95.77942,29.640436,14.636782,12.119033,10.176224,11.382828,12.978315,21.486101,26.45821,16.679892,8.210915,3.0513
593.39166,593.39166,446.94653,425.84088,421.6055,428.67975,459.9024,540.8714,496.60327,459.554,414.6683,351.4814,288.0091,358.74762,301.91895,215.14746,314.2772,336.0737,226.34406,188.81374,192.9221,207.65942,195.66013,97.86476,95.37808,100.80709,145.4645,93.395004,35.066746,19.377337,17.516697,13.00939,13.844036,14.841666,23.203701,26.863768,16.470718,7.9683676,2.953088
591.1124,591.1124,480.7464,464.51205,473.87933,473.86365,542.3768,606.54236,534.8463,489.357,487.5412,359.68408,322.62173,398.33548,334.84412,251.66388,370.02283,362.16208,252.04092,217.62766,222.50319,235.3976,168.54617,75.53488,75.347496,90.26024,155.88647,97.04895,29.305544,14.226284,11.750602,9.881117,11.082496,12.663785,21.125824,26.27256,16.639841,8.24956,3.1010027
643.0552,643.0552,530.0234,510.49902,480.9899,554.8219,636.5213,635.545,511.45453,479.36,460.4667,372.824,370.60233,437.87103,365.6062,270.35925,399.93265,333.1848,341.47327,281.38016,261.01727,252.13406,226.0468,113.10131,110.66616,117.65921,170.8488,110.73161,41.81764,23.344126,21.252354,16.246178,18.389874,20.269571,29.551886,32.38972,19.206818,8.989103,3.2358847
601.9605,601.9605,470.43323,422.92914,419.4556,441.43567,539.69727,521.95166,431.2646,403.5123,414.30634,310.93475,282.02493,365.57138,303.10205,234.58795,348.9414,317.59668,214.92627,178.58678,176.9872,198.26608,172.91994,83.32465,81.41453,90.4037,141.8783,88.97632,32.276226,14.323074,11.4016905,9.373244,10.344449,11.539529,18.755018,23.235859,14.731991,7.3693705,2.8487608
639.949,639.949,556.48376,547.7547,578.0985,588.1392,632.4218,606.7742,589.4433,547.0782,493.83844,402.26105,359.1652,475.77792,386.9043,292.9856,364.75238,378.32147,374.58917,287.27576,261.98245,255.01855,243.14113,123.59917,123.47909,128.81432,183.27545,109.39768,35.96481,17.990461,15.019381,12.540456,14.180011,16.447155,27.449774,33.463936,21.000584,10.204076,3.6090083
623.46686,623.46686,502.77863,473.61218,482.7518,507.9379,562.4426,606.9481,474.59155,489.00616,460.75922,371.51813,331.42133,404.48853,345.31036,251.31873,364.40405,328.2657,342.76465,290.73438,274.34683,257.89542,202.81458,95.26518,93.86726,101.645546,157.62556,102.12703,37.825645,20.365297,17.690971,15.947138,20.305412,21.380623,32.68727,35.342003,20.785309,9.506023,3.275889
607.31805,607.31805,477.05002,466.77744,431.97836,448.04852,509.88574,508.95554,417.48364,409.93048,410.25687,328.5423,303.61377,393.95944,317.72842,234.24277,346.60925,310.88968,323.83087,261.73065,238.71135,230.52477,186.11275,86.70597,85.792114,94.16675,146.28691,92.712685,34.00976,15.234133,12.058421,9.872288,10.875719,12.175045,19.87751,24.512331,15.5211525,7.716385,2.9325926
637.2876,637.2876,502.7273,476.1509,475.45386,508.33585,543.85645,590.769,530.6274,482.9664,471.94174,360.99664,320.9734,436.75494,346.8092,252.12613,397.89377,356.28964,240.16957,206.14476,205.7177,229.85805,220.30966,112.416855,108.06106,111.32104,157.50314,99.87081,37.306473,20.730581,19.091314,14.747104,16.683779,18.507475,27.012802,29.848766,17.691053,8.329223,3.0553403
591.11835,591.11835,509.88086,493.4959,466.9876,510.75616,559.4736,569.2061,441.00296,451.90988,427.9187,332.81723,311.33023,403.27435,337.62488,254.20097,362.92728,334.09436,336.71625,268.51855,243.24731,228.1818,212.94711,105.51886,102.564766,109.517456,159.84474,103.809944,39.35422,21.661812,15.535721,12.151786,13.063339,14.335717,23.214746,27.82669,17.389418,8.516777,3.1426167
658.00134,658.00134,515.6822,484.09686,450.5414,468.04498,517.7915,563.8494,523.6136,492.70383,436.5559,359.21277,306.97693,409.6159,330.24866,244.95154,366.7039,363.7911,236.99736,193.29317,190.78032,214.62018,197.68268,96.75667,95.47293,104.08614,158.26022,90.49143,29.037897,14.509264,12.312189,10.843478,12.979082,15.313881,23.96334,28.171156,17.097307,8.209413,3.043737
597.24115,597.24115,477.5705,491.3642,493.03256,490.04703,498.8647,543.22186,449.4627,462.1849,446.59573,330.07416,307.76538,387.02286,327.40405,244.39888,369.06464,346.85797,229.07143,190.01077,193.78815,221.01707,190.91167,92.92532,90.740875,100.53512,155.19131,99.36013,39.98401,18.22935,14.374758,11.702162,12.83047,14.3745775,23.50208,28.385637,17.783815,8.700905,3.1985965
602.215,602.215,486.21332,478.46655,476.59756,486.1576,543.3163,553.6073,495.62503,456.37888,426.6884,328.40326,333.81726,390.00687,326.09833,237.00371,365.4052,352.0456,242.20035,219.19554,215.77005,229.74403,202.23424,98.96268,96.54591,103.900246,152.90028,107.38823,48.430264,24.542421,17.261177,13.020156,13.583568,14.535279,23.081573,27.283714,17.015907,8.337017,3.1028228
619.46045,619.46045,459.3902,447.16058,439.41083,454.46106,533.6806,587.5067,452.98358,426.31146,453.86334,359.25177,305.3938,359.2164,315.77737,238.09262,363.5581,328.30103,226.71913,199.41156,204.1639,225.34103,165.08894,72.14761,71.57969,85.40874,147.1252,84.227196,26.849815,13.376427,11.239721,9.616993,10.901455,12.486621,20.730873,25.772564,16.300375,8.073819,3.0400653
643.5772,643.5772,603.69727,571.45306,584.3442,598.8047,706.855,707.0221,688.1675,602.36365,555.826,447.79465,389.9338,474.54846,406.58636,298.34427,438.4444,453.0886,288.78918,228.73322,229.07845,259.88464,204.78006,98.42915,96.84662,113.126625,185.13316,130.61543,57.865597,29.203146,25.228813,17.769405,18.339443,19.570845,30.471388,34.740547,21.347736,10.219674,3.650319
659.89886,659.89886,569.0403,545.03937,563.69275,605.9835,621.4954,654.39813,513.001,530.45526,502.69434,417.8871,360.86548,448.09714,413.0703,306.99188,440.572,401.68018,283.41083,239.69499,234.57132,257.8726,251.41342,128.82768,127.56172,133.07027,185.60167,122.067474,46.470406,25.440228,18.057644,14.016797,14.997056,16.583303,27.0363,32.31359,20.174074,9.819084,3.531403
596.4503,596.4503,457.89038,444.89157,439.0181,433.83865,484.2447,563.9882,434.1593,419.12955,423.19586,353.1429,300.15982,373.52112,313.32147,227.70633,342.93042,328.14435,229.51593,197.1984,198.05856,214.59436,186.57799,92.18946,90.25455,98.07023,146.17087,91.163284,32.044132,14.161786,11.301002,9.308629,10.302215,11.548047,18.899296,23.518656,14.944129,7.4749966,2.8766673
680.12933,680.12933,583.78595,538.1441,498.85175,519.7686,543.6951,662.2363,528.60016,522.33606,502.51517,412.8753,360.18524,478.98563,375.59683,268.12302,391.78775,421.38812,269.80847,224.7873,231.3632,258.358,190.92377,83.43344,82.96367,98.95824,167.89822,119.33566,52.70539,22.31759,16.858145,12.886106,13.690268,15.006884,24.53287,29.547304,18.510126,9.061623,3.3565474
616.0068,616.0068,527.7973,485.79764,482.1082,533.7727,629.7677,616.6621,469.93085,488.03906,452.94272,357.63226,355.275,424.7024,349.30432,253.0812,351.2576,396.3623,261.3214,212.35275,209.88673,229.27711,207.8662,106.84964,103.71329,112.22972,164.0765,115.58324,51.83002,26.672894,23.048985,16.399727,16.887188,17.862553,27.53126,31.307068,19.16242,9.183819,3.308281
601.30273,601.30273,494.95648,453.63452,443.82312,509.56476,553.5562,563.00116,450.3074,478.334,422.2145,336.73413,342.7112,373.7492,327.45966,262.16934,372.16934,341.69675,226.62782,190.06407,196.35924,215.12221,206.80228,102.11228,98.48995,106.27626,156.39136,100.65739,37.740063,20.8728,18.889404,14.0299635,14.933165,16.141483,25.372232,29.396376,18.002811,8.670434,3.1519675
610.0803,610.0803,489.8733,451.67944,438.29858,442.30536,529.2539,549.78033,445.3819,441.55368,449.99936,362.08606,338.81525,367.11987,322.28134,256.48843,333.95087,315.5797,306.84595,242.5314,230.64072,227.17552,179.50327,84.429825,83.94826,94.085014,147.47064,103.72992,46.30486,23.76366,20.092077,17.761154,17.493786,18.27443,27.39377,30.19282,18.12403,8.5608225,3.0931888
588.5389,588.5389,483.08942,450.6114,445.32547,476.94638,576.9561,597.0372,465.0248,439.0072,423.78363,327.41504,334.07007,395.5393,334.12744,263.91476,343.386,311.67368,316.2183,259.29886,244.8568,240.67795,201.53545,96.54563,93.21571,100.68954,152.78014,95.7021,35.183544,15.881277,12.721801,10.777156,12.599944,14.542914,22.494608,26.371252,16.052439,7.754773,2.9083726
566.4197,566.4197,458.65512,446.6619,438.52216,444.87643,532.5903,562.11194,509.5346,451.95886,404.7158,314.69482,277.2678,349.93735,335.57852,248.81819,288.46655,326.68344,354.6236,288.18295,252.31993,232.44226,185.6258,85.79377,84.749344,93.96652,146.24352,94.26791,35.92862,20.20626,18.597214,14.388274,16.23188,17.90426,25.95665,28.583439,16.910078,7.978446,2.9274971
597.6595,597.6595,490.32904,478.05795,507.44403,510.78745,602.99176,519.0527,488.35513,491.64767,425.37036,334.6947,311.07178,411.55457,331.1632,249.58699,369.28525,308.2003,339.48026,280.39572,250.79228,234.92238,184.05588,84.78374,84.28017,95.171165,153.20198,100.49755,38.317883,21.31005,19.22408,14.259141,15.129953,16.312082,25.513502,29.424656,18.004684,8.658651,3.156897
617.2434,617.2434,547.9384,506.77463,490.795,537.15515,572.5148,665.6191,541.6665,517.89294,487.04578,374.66797,335.97308,435.26022,361.39178,264.44852,389.76758,401.9307,269.67526,220.66684,215.90717,237.52768,206.84172,102.208496,99.48848,110.655136,168.84685,118.28546,52.60971,26.219877,18.242367,13.675814,14.251267,15.338783,24.623566,29.243773,18.267988,8.95089,3.29946
696.68524,696.68524,582.09326,539.4359,519.0405,573.5303,645.58734,655.3752,540.57275,529.5683,506.65625,387.4168,395.11676,451.21216,379.84964,275.46997,421.0817,411.21082,278.4732,242.25043,249.80154,263.67084,214.201,97.94309,96.15812,109.89516,176.34302,112.90371,39.434895,17.16081,13.385749,10.879556,11.980741,13.633502,22.904871,28.503168,18.095207,8.976168,3.357164
635.5633,635.5633,517.28656,493.2746,501.5025,522.6796,537.7822,606.21625,475.15677,498.21033,486.49362,377.8979,334.71936,390.06805,350.90723,261.66086,349.7344,384.24072,258.84525,214.1765,215.99944,237.40396,196.72406,93.70637,93.132324,104.024765,162.21844,104.989,39.251625,21.437235,15.245075,11.917605,12.773014,14.048552,22.8118,27.496601,17.201187,8.462417,3.1632366
585.44965,585.44965,458.23904,464.15634,452.1317,456.79303,507.935,540.97656,491.40695,472.5312,471.3862,337.15036,292.16974,354.6568,314.3628,236.78906,345.34204,315.57532,336.00763,273.4221,251.19482,241.26028,190.7526,88.392624,87.24948,96.706566,149.12839,105.14793,47.08179,24.156757,20.438608,18.03174,17.800648,18.57386,27.843113,30.61582,18.39285,8.6742325,3.1147294
601.1164,601.1164,480.15088,460.65024,485.51614,507.3728,582.9737,537.3367,514.4587,484.35043,424.24954,319.36398,310.36322,410.47537,333.4284,246.33131,312.12396,370.40762,260.35156,221.975,222.6177,222.55276,200.66188,99.42405,97.10848,104.82906,156.26323,101.23757,37.78676,20.50827,17.967363,16.701546,16.861515,18.093012,27.716993,30.963964,18.588646,8.776901,3.1501713
593.09296,593.09296,464.625,440.5853,416.79175,410.4911,539.8001,540.7528,485.1259,461.39578,443.4947,350.60718,300.41614,349.49216,306.84314,231.07079,327.26974,335.74786,215.70752,180.4039,189.52866,215.91354,177.03593,81.655075,79.75901,90.34609,145.77681,89.690735,27.10573,13.22953,11.019159,9.311385,10.446063,11.868186,19.582148,24.371447,15.429932,7.6764526,2.9258683
616.55133,616.55133,473.78555,474.81476,478.06775,534.1313,533.266,558.7909,544.36646,488.95404,432.5006,357.32507,323.84186,423.06357,339.9613,245.55322,348.421,378.48645,243.52838,200.83041,202.03888,222.37865,210.9296,105.20305,101.391556,108.659805,157.88922,108.52248,47.419853,23.892218,20.099873,17.741917,23.306316,24.517782,34.086945,34.895363,19.935068,8.958107,3.122446
628.5615,628.5615,487.24295,452.0835,433.3135,430.53394,481.30026,629.56586,493.78436,473.29092,466.76807,342.14474,299.54614,378.64914,326.5639,248.71124,356.57544,314.19846,331.27646,274.10483,244.62938,233.84164,202.14937,103.45656,103.93537,110.03586,159.35242,104.3318,42.766846,19.773746,15.65386,12.594376,13.79405,15.408791,24.917974,29.737442,18.551617,9.013623,3.2713594
613.02277,613.02277,486.7631,458.98813,441.89206,464.89352,584.6971,581.22064,458.3431,447.729,432.64096,377.21072,321.15414,370.24472,330.7488,259.20755,336.18008,302.19812,328.47614,271.9525,252.00919,236.93674,199.20782,95.794426,92.89509,100.50476,153.22545,97.09052,35.570583,15.939335,12.593211,10.308665,11.364178,12.78366,21.020025,25.880169,16.357794,8.104277,3.0464244
648.6708,648.6708,488.98648,446.73383,454.24484,482.05658,544.8576,509.1639,488.25647,452.7027,408.67307,338.82788,297.4623,360.895,332.22607,231.3835,336.7931,366.6939,247.65681,198.24336,188.75462,203.31093,189.37164,93.43903,90.25224,99.03049,151.8065,92.757515,28.14121,13.849559,11.6690035,10.187151,12.134046,14.177793,22.134289,26.080374,15.848236,7.6494093,2.880607
614.9923,614.9923,468.2443,457.2027,447.67612,464.1464,548.45953,574.726,450.27258,442.64075,417.16486,366.40598,326.13855,371.20047,320.237,229.34123,345.38382,351.2539,229.01776,190.03,195.51183,221.01518,193.71274,94.07436,91.05963,99.281975,149.32422,95.982925,35.808144,19.510096,17.226637,16.089775,16.290571,17.48669,26.789186,29.993078,17.977255,8.506951,3.068295
648.59143,648.59143,547.37854,509.00192,481.68243,485.47372,519.33295,625.36475,491.23956,470.962,446.5302,344.41882,327.93896,403.34378,368.76035,259.03897,368.78027,394.89227,272.28146,228.71056,227.28152,240.72427,191.62717,88.03635,87.01872,99.6176,161.7426,102.338455,36.812523,16.187063,12.647387,10.321508,11.357341,12.833747,21.297695,26.439747,16.771997,8.351244,3.1457677
637.7186,637.7186,532.34686,460.61017,476.71777,507.3616,577.95935,666.4403,524.41364,478.8188,475.46634,421.59,353.98587,422.80704,366.03473,292.36972,395.98352,348.16815,239.76706,209.10143,216.25475,240.55972,229.1344,115.60492,112.84877,118.9484,169.15466,108.28005,40.444786,22.219065,16.081423,12.941055,14.818377,16.743668,25.311106,29.018202,17.504908,8.381829,3.1055646
636.38763,636.38763,504.71948,482.3174,472.3395,469.15768,527.2252,571.2254,482.93176,453.8881,426.87933,322.41116,284.7855,378.6861,348.7804,253.22783,364.9996,327.34818,343.8683,283.73743,268.63617,252.37744,185.96977,82.63118,81.911415,94.095856,155.50966,90.78415,29.608017,14.808924,12.366872,10.538956,11.884275,13.679003,22.843908,28.12492,17.71555,8.693483,3.2031498
609.96466,609.96466,477.56778,443.6164,441.11282,459.7352,541.81244,555.76495,437.98843,427.16284,382.59225,304.01218,278.40714,361.2978,324.2798,226.58214,315.57593,353.89816,237.92906,191.53247,192.10742,216.17664,191.4394,93.4289,91.179375,97.94281,145.86563,93.5791,33.53394,15.024815,11.901607,9.731275,10.723088,11.979588,19.493015,24.026258,15.193905,7.566842,2.8943143
615.11536,615.11536,468.73883,439.4757,444.5111,452.18008,501.11475,550.45074,511.87134,488.7866,468.81073,365.96527,313.323,370.45334,321.43628,241.09445,366.9072,349.78592,224.22641,187.6419,191.62836,207.74503,202.05367,101.33405,99.76471,106.64813,156.05188,99.496475,39.661327,17.982586,14.11244,11.491957,12.528097,14.0399475,22.909363,27.723328,17.383968,8.51653,3.1504679
617.34753,617.34753,465.19376,444.85135,456.85568,510.63,530.59973,508.11557,403.34244,404.69547,411.4167,325.8342,294.77643,393.42966,316.08157,226.99565,334.73666,360.14203,227.14136,186.71956,192.02058,221.21638,168.6983,75.63531,76.21994,88.47194,144.42584,86.17997,25.172169,12.231378,10.220672,8.686224,9.79276,11.1339855,18.356134,23.143316,14.7397,7.389985,2.8709497
587.7383,587.7383,447.72104,437.30362,449.02753,462.39502,470.4202,547.8523,434.684,429.73727,411.36377,325.5121,280.04962,342.14886,321.89035,226.31772,357.80164,315.0866,204.52206,172.4545,178.02505,199.64171,177.83939,84.62586,81.91209,91.17775,142.28159,90.33016,32.896366,17.615114,15.362137,13.909901,17.58873,18.598867,28.400763,31.004055,18.196888,8.404619,2.9816468
653.35486,653.35486,559.50854,558.32605,570.9848,556.2326,617.7138,634.3902,554.9449,528.64386,471.22177,414.32898,376.01044,486.7517,394.742,292.41394,408.2421,432.61496,300.57254,245.28603,231.88889,254.49588,240.60767,122.90555,121.41128,127.62953,181.49779,116.756905,42.865814,18.930265,14.86302,11.918147,13.176443,14.941366,25.01618,30.7151,19.415073,9.553456,3.4847689
627.7371,627.7371,503.66367,465.91077,468.132,501.9676,501.88126,587.7691,480.95618,456.46655,424.02533,327.04803,310.04608,403.40933,326.57675,229.1758,342.35495,371.26083,232.59436,184.43605,185.17435,207.5931,202.15285,99.421364,95.36236,103.75134,156.95569,95.56313,28.20265,13.635276,11.348694,9.5581045,10.745063,12.25667,20.379425,25.455221,16.123156,8.014703,3.038639
